txn_id,timestamp,wallet_id,merchant_id,recipient_wallet,txn_type,amount,currency,channel,status
TXN0677,2026-06-22 20:46:34,WAL030,MER003,,payment,318322.79,NGN,web,success
TXN0807,2026-06-19 12:21:09,WAL006,MER006,,payment,4394819.93,NGN,mobile_app,pending
TXN0410,2026-06-05 14:57:54,WAL031,,WAL042,transfer,33976.63,NGN,mobile_app,pending
TXN1999,2026-06-01 10:11:07,WAL042,MER023,,payment,7164.4,BTC,web,success
TXN0417,2026-06-11 18:21:14,WAL001,MER002,,payment,18139.97,USD,ussd,success
TXN1489,2026-06-18 16:03:16,WAL019,MER024,,payment,155618.38,NGN,ussd,success
TXN1795,2026-06-21 18:19:50,WAL035,,,wallet_funding,149229.3,NGN,ussd,success
TXN1713,2026-06-30 19:47:06,WAL001,,,wallet_funding,19847.78,NGN,pos,success
TXN1825,2026-06-06 04:22:04,WAL025,,,wallet_funding,30061.23,NGN,pos,success
TXN1353,2026-06-20 15:14:45,WAL001,MER023,,payment,34471.78,NGN,mobile_app,success
TXN1380,2026-06-05 09:59:00,WAL027,MER006,,payment,225203.33,NGN,ussd,success
TXN1185,2026-06-15 00:01:13,WAL009,,,withdrawal,259843.4,NGN,mobile_app,failed
TXN0438,2026-06-05 11:07:27,WAL026,MER018,,payment,18359.49,NGN,mobile_app,success
TXN2072,2026-06-29 12:39:31,WAL021,MER023,,payment,40858.28,NGN,api,success
TXN1429,2026-06-23 05:19:16,WAL047,,WAL011,transfer,183.78,USD,pos,pending
TXN1572,2026-06-18 03:09:08,WAL030,MER016,,payment,430916.88,NGN,pos,success
TXN0180,2026-06-23 15:52:44,WAL035,,,wallet_funding,19965.49,NGN,ussd,success
TXN0788,2026-06-09 06:12:27,WAL042,MER004,,payment,460.79,USD,ussd,success
TXN1630,2026-06-23 23:46:51,WAL028,,,wallet_funding,297.69,USD,pos,failed
TXN0358,2026-06-29 15:04:51,WAL017,,WAL035,transfer,2384.43,USD,ussd,pending
TXN1523,2026-06-20 07:56:30,WAL021,,WAL014,transfer,5870.36,NGN,mobile_app,pending
TXN1075,2026-06-06 10:57:56,WAL035,MER004,,payment,47814.53,NGN,mobile_app,success
TXN0132,2026-06-14 17:35:41,WAL028,MER004,,payment,39566.73,NGN,ussd,success
TXN1647,2026-06-21 01:46:20,WAL046,MER026,,payment,3453.81,NGN,mobile_app,pending
TXN1309,2026-06-16 03:19:13,WAL050,MER006,,payment,16886.24,NGN,mobile_app,success
TXN2052,2026/06/29 15:46:09,WAL032,MER023,,payment,21021.53,NGN,web,success
TXN1340,2026-06-10 00:53:34,WAL002,MER008,,payment,34877.67,NGN,web,success
TXN0141,2026-06-22 09:19:59,WAL033,,,wallet_funding,215.14,USD,mobile_app,success
TXN0956,2026-06-07 12:25:56,WAL020,MER026,,payment,397.97,USD,mobile_app,success
TXN1153,2026-06-21 11:22:28,WAL049,,,wallet_funding,10257.6,NGN,web,success
TXN1845,2026-06-15 07:00:34,WAL002,,,wallet_funding,239.77,GBP,web,failed
TXN0925,2026-06-29 00:50:45,WAL010,MER015,,payment,332.84,USD,mobile_app,success
TXN1364,2026-06-04 20:22:18,WAL031,,,withdrawal,497.51,USD,ussd,success
TXN0331,2026-06-19 13:54:43,WAL049,MER021,,payment,173742.52,NGN,mobile_app,success
TXN0748,2026-06-02 10:37:49,WAL008,,WAL025,transfer,23.11,USD,mobile_app,success
TXN0990,2026-06-30 03:50:32,WAL005,,WAL042,transfer,381201.38,NGN,mobile_app,success
TXN0427,2026-06-21 06:23:49,WAL049,,WAL002,transfer,425.18,USD,web,success
TXN1742,2026-06-19 21:32:31,WAL031,MER026,,payment,145562.78,NGN,mobile_app,success
TXN0144,2026-06-22 21:36:07,WAL026,,,withdrawal,19011.09,NGN,mobile_app,success
TXN1727,2026-06-29 15:58:05,WAL045,,,withdrawal,379072.25,NGN,mobile_app,failed
TXN1772,2026-06-27 23:44:17,WAL045,,WAL002,transfer,1994.67,GBP,pos,success
TXN1992,2026-06-10 08:12:51,WAL028,MER011,,payment,0,NGN,mobile_app,success
TXN0168,2026-06-27 18:42:54,WAL010,,WAL031,transfer,49979.95,NGN,web,success
TXN2031,2026/06/14 23:13:27,WAL027,MER018,,payment,2714149.58,NGN,web,success
,2026-06-08 21:39:48,WAL010,MER011,,payment,45688.2,NGN,mobile_app,success
TXN0954,2026-06-30 22:05:53,WAL009,MER010,,payment,3289.33,USD,mobile_app,success
TXN0659,2026-06-30 15:03:11,WAL029,MER016,,payment,38551.01,NGN,mobile_app,success
TXN0039,2026-06-30 09:54:58,WAL044,,,withdrawal,1237.78,USD,mobile_app,success
TXN1741,2026-06-17 14:34:36,WAL012,,WAL026,transfer,49560.12,NGN,web,success
TXN0511,2026-06-17 09:05:09,WAL030,,WAL024,transfer,82105.76,NGN,mobile_app,success
,2026-06-29 07:54:17,WAL036,MER015,,payment,252401.4,NGN,mobile_app,success
TXN1747,2026-06-06 19:31:20,WAL045,,,wallet_funding,130.56,USD,ussd,success
TXN0568,2026-06-19 18:19:55,WAL017,,,withdrawal,456742.52,NGN,ussd,success
TXN1014,2026-06-30 10:14:30,WAL039,,WAL016,transfer,70131.95,NGN,mobile_app,success
TXN1042,2026-06-12 11:32:53,WAL004,,WAL036,transfer,3818442.26,NGN,mobile_app,success
TXN0932,2026-06-11 00:33:58,WAL010,,,wallet_funding,349157.03,NGN,mobile_app,success
TXN0638,2026-06-06 11:50:45,WAL043,MER026,,payment,36699.01,NGN,pos,failed
TXN1738,2026-06-14 02:37:56,WAL013,MER004,,payment,38416.99,NGN,web,success
TXN1114,2026-06-21 12:44:16,WAL020,MER016,,payment,14058.31,NGN,mobile_app,pending
TXN0939,2026-06-04 17:10:05,WAL008,,WAL002,transfer,90.77,USD,mobile_app,success
TXN1951,2026-06-28 12:27:24,WAL041,MER007,,payment,446701.54,NGN,mobile_app,success
TXN0171,2026-06-08 10:16:33,WAL022,MER030,,payment,205711.04,NGN,pos,pending
TXN0873,2026-06-27 22:47:57,WAL032,MER002,,payment,32933.23,USD,web,success
TXN0254,2026-06-21 02:07:25,WAL028,,,wallet_funding,496.44,USD,mobile_app,success
TXN1204,2026-06-24 22:20:41,WAL027,,WAL002,transfer,98302.02,NGN,mobile_app,success
TXN1884,2026-06-27 20:55:18,WAL046,MER026,,payment,31490.26,NGN,ussd,failed
TXN1702,2026-06-23 18:20:19,WAL019,,WAL011,transfer,383950.36,NGN,ussd,success
TXN1211,2026-06-08 17:27:27,WAL017,MER028,,payment,2643859.05,NGN,web,failed
TXN1499,2026-06-20 14:10:33,WAL042,,WAL013,transfer,221581.44,NGN,ussd,pending
TXN0481,2026-06-27 00:36:26,WAL031,,WAL042,transfer,2288544.27,NGN,mobile_app,success
TXN1502,2026-06-03 20:54:37,WAL049,MER001,,payment,2881044.82,NGN,mobile_app,success
TXN0395,2026-06-18 19:06:35,WAL047,,,wallet_funding,38676.86,NGN,ussd,success
TXN1468,2026-06-02 23:44:07,WAL028,,,wallet_funding,21582.57,NGN,mobile_app,success
TXN0252,2026-06-01 06:03:10,WAL022,MER018,,payment,52.78,USD,mobile_app,success
TXN1809,2026-06-27 23:32:46,WAL037,,WAL034,transfer,482968.46,NGN,ussd,success
TXN1094,2026-06-14 02:28:44,WAL008,MER004,,payment,200962.91,NGN,mobile_app,success
TXN1982,2026-06-08 08:50:42,WAL009,MER012,,payment,43403.18,NGN,web,success
TXN1375,2026-06-20 11:20:04,WAL040,MER004,,payment,303.63,USD,mobile_app,success
TXN0795,2026-06-02 23:54:50,WAL043,MER024,,payment,17289.25,NGN,ussd,success
TXN0036,2026-06-17 09:12:59,WAL028,MER002,,payment,335.62,EUR,ussd,success
TXN0508,2026-06-22 20:07:07,WAL025,MER013,,payment,40595.79,NGN,mobile_app,success
TXN1833,2026-06-06 15:44:49,WAL010,MER007,,payment,47473.21,USD,pos,success
TXN1297,2026-06-12 20:59:45,WAL028,MER008,,payment,18950.51,NGN,ussd,success
TXN1880,2026-06-16 21:26:23,WAL042,MER009,,payment,2452.02,NGN,ussd,success
TXN0108,2026-06-21 17:12:57,WAL024,,WAL006,transfer,46187.76,NGN,mobile_app,pending
TXN0698,2026-06-27 04:43:08,WAL009,,WAL018,transfer,4420.22,USD,web,success
TXN1698,2026-06-13 23:12:03,WAL011,MER010,,payment,121.33,GBP,mobile_app,success
TXN1116,2026-06-15 09:55:09,WAL012,MER015,,payment,218.85,EUR,web,failed
TXN1219,2026-06-04 10:34:00,WAL042,MER011,,payment,67.78,USD,mobile_app,success
TXN0267,2026-06-29 13:45:25,WAL050,,WAL009,transfer,5675.19,NGN,mobile_app,failed
TXN0169,2026-06-28 21:48:27,WAL005,MER029,,payment,23558.74,NGN,ussd,success
TXN1397,2026-06-06 14:50:21,WAL024,MER030,,payment,10813.02,NGN,web,success
TXN1065,2026-06-13 11:49:43,WAL046,,WAL029,transfer,149288.35,NGN,mobile_app,success
TXN1663,2026-06-18 12:59:08,WAL004,MER025,,payment,26993.52,NGN,mobile_app,success
TXN1280,2026-06-11 09:32:54,WAL001,MER021,,payment,35644.53,NGN,mobile_app,success
TXN0244,2026-06-28 11:16:14,WAL008,,,wallet_funding,271.37,GBP,web,success
TXN0846,2026-06-26 06:23:28,WAL039,MER001,,payment,26306.13,NGN,web,success
TXN0514,2026-06-04 21:16:55,WAL016,MER014,,payment,43995.2,NGN,ussd,success
TXN0288,2026-06-05 12:27:47,WAL029,,WAL001,transfer,2160820.91,NGN,pos,success
TXN0443,2026-06-11 05:34:41,WAL048,,WAL031,transfer,426049.45,NGN,mobile_app,pending
TXN0686,2026-06-21 07:15:57,WAL012,,,wallet_funding,8261.01,NGN,web,failed
TXN0089,2026-06-21 04:05:46,WAL013,MER006,,payment,2146.99,USD,ussd,success
TXN2048,2026/06/04 04:38:16,WAL024,MER028,,payment,13148.32,NGN,web,success
TXN1155,2026-06-28 22:48:27,WAL001,,,withdrawal,231265.45,NGN,pos,pending
TXN0668,2026-06-02 19:09:28,WAL025,MER016,,payment,67.91,USD,web,success
TXN1085,2026-06-27 18:32:40,WAL030,MER014,,payment,77.52,USD,pos,success
TXN1542,2026-06-12 03:28:20,WAL043,MER022,,payment,82737.6,NGN,web,success
TXN0553,2026-06-20 09:47:55,WAL042,,,withdrawal,4068.28,USD,mobile_app,pending
TXN0854,2026-06-21 05:44:59,WAL012,MER004,,payment,108224.21,NGN,web,pending
TXN0827,2026-06-23 18:42:17,WAL026,MER024,,payment,34406.22,NGN,pos,pending
TXN1348,2026-06-14 17:56:44,WAL049,,WAL043,transfer,4047.01,NGN,ussd,success
TXN1039,2026-06-02 22:54:07,WAL010,MER023,,payment,1222.25,USD,mobile_app,success
TXN0756,2026-06-17 13:35:33,WAL028,MER022,,payment,17887.83,NGN,web,success
TXN0372,2026-06-23 12:51:13,WAL036,MER030,,payment,953.99,GBP,ussd,success
TXN0806,2026-06-28 15:07:03,WAL010,MER021,,payment,16496.96,NGN,mobile_app,success
TXN0487,2026-06-01 12:28:42,WAL014,,,wallet_funding,85.95,EUR,web,success
TXN1027,2026-06-04 17:21:14,WAL018,,,withdrawal,37298.77,NGN,ussd,success
TXN0478,2026-06-28 23:13:45,WAL008,MER019,,payment,459538.5,NGN,mobile_app,success
TXN0059,2026-06-12 07:57:30,WAL019,,,wallet_funding,470150.87,NGN,mobile_app,success
TXN0390,2026-06-20 13:59:14,WAL031,,,withdrawal,10371.01,NGN,mobile_app,success
TXN1840,2026-06-22 22:04:30,WAL050,,WAL021,transfer,18728.02,NGN,ussd,success
TXN1975,2026-06-28 20:35:11,WAL024,MER012,,payment,17670.93,NGN,web,success
TXN0801,2026-06-17 23:19:06,WAL006,MER023,,payment,387471.74,NGN,web,success
TXN0839,2026-06-08 08:38:23,WAL037,MER030,,payment,236034.83,NGN,mobile_app,success
TXN1581,2026-06-24 02:47:55,WAL020,,WAL047,transfer,10121.7,NGN,mobile_app,success
TXN1266,2026-06-22 20:00:03,WAL031,MER018,,payment,9580.81,NGN,web,pending
TXN0465,2026-06-14 06:38:42,WAL019,,WAL005,transfer,19236.67,NGN,ussd,pending
TXN1252,2026-06-30 11:10:03,WAL027,MER006,,payment,261808.79,NGN,pos,success
TXN0567,2026-06-04 05:35:31,WAL028,,WAL048,transfer,212099.25,NGN,mobile_app,success
TXN1121,2026-06-09 01:31:18,WAL044,MER029,,payment,4872850.3,NGN,ussd,success
TXN2012,2026-06-21 16:33:27,WAL043,MER001,,credit,6934.39,NGN,mobile_app,success
TXN0970,2026-06-13 08:16:01,WAL018,,WAL029,transfer,445.4,EUR,web,success
TXN1983,2026-06-23 08:20:25,WAL033,MER026,,payment,0,NGN,mobile_app,success
TXN1986,2026-06-20 13:10:30,WAL010,MER006,,payment,-500,NGN,mobile_app,success
TXN0239,2026-06-24 16:23:29,WAL002,MER001,,payment,26706.17,NGN,mobile_app,failed
TXN1508,2026-06-27 21:59:41,WAL005,MER013,,payment,40970.48,NGN,mobile_app,success
TXN0906,2026-06-15 02:32:44,WAL032,MER006,,payment,69758.13,NGN,mobile_app,success
TXN0920,2026-06-12 11:27:02,WAL010,MER022,,payment,447387.95,NGN,web,success
TXN1791,2026-06-19 05:31:10,WAL039,MER025,,payment,39931.79,NGN,mobile_app,success
TXN0043,2026-06-22 01:05:28,WAL027,,WAL020,transfer,2460.26,USD,web,failed
TXN1395,2026-06-19 08:22:37,WAL035,,WAL005,transfer,150.36,GBP,mobile_app,success
TXN1409,2026-06-16 12:50:43,WAL037,MER007,,payment,144632.16,NGN,web,success
TXN0583,2026-06-02 20:52:10,WAL037,MER025,,payment,445001.09,NGN,mobile_app,success
TXN0170,2026-06-27 18:18:54,WAL046,,WAL037,transfer,256.4,USD,web,pending
TXN1805,2026-06-25 20:09:12,WAL017,,,withdrawal,15851.26,NGN,mobile_app,success
TXN0473,2026-06-25 19:07:51,WAL019,MER005,,payment,318440.42,NGN,mobile_app,success
TXN0324,2026-06-16 05:52:31,WAL030,MER003,,payment,253363.23,NGN,ussd,pending
TXN2011,2026-06-03 23:40:27,WAL032,MER025,,debit,88419.03,NGN,mobile_app,success
TXN1886,2026-06-10 12:20:36,WAL039,,,wallet_funding,30971.35,NGN,mobile_app,success
TXN1281,2026-06-19 11:04:12,WAL046,,WAL017,transfer,33018.58,NGN,mobile_app,success
TXN0479,2026-06-20 20:06:28,WAL019,MER022,,payment,3101.36,USD,mobile_app,success
TXN0106,2026-06-16 18:52:06,WAL028,,,withdrawal,30468.63,NGN,mobile_app,success
TXN0847,2026-06-27 05:04:01,WAL043,MER029,,payment,217.15,USD,ussd,success
TXN2061,2026-06-22 15:42:24,WAL001,MER003,,payment,,NGN,mobile_app,success
TXN1679,2026-06-12 02:54:27,WAL030,MER028,,payment,5067.41,NGN,mobile_app,success
TXN0358,2026-06-01 07:17:26,WAL003,MER002,,payment,15688.64,NGN,web,success
TXN0496,2026-06-09 15:57:03,WAL034,MER007,,payment,9547.83,NGN,web,failed
TXN1816,2026-06-19 07:33:09,WAL022,MER001,,payment,28997.62,NGN,web,success
TXN1197,2026-06-06 04:43:15,WAL025,,WAL044,transfer,348.39,USD,web,success
,2026-06-29 06:03:08,WAL018,MER009,,payment,88705.49,NGN,mobile_app,success
TXN0890,2026-06-21 13:47:10,WAL005,,,withdrawal,3610.78,NGN,ussd,success
TXN1469,2026-06-24 15:45:01,WAL021,MER030,,payment,3214922.7,NGN,ussd,success
TXN0064,2026-06-23 20:10:23,WAL037,,WAL006,transfer,179.75,GBP,ussd,success
TXN0531,2026-06-03 12:41:10,WAL048,MER004,,payment,16563.42,NGN,mobile_app,success
TXN1156,2026-06-02 21:34:42,WAL025,,WAL027,transfer,40224.41,NGN,web,success
TXN0775,2026-06-29 14:47:42,WAL004,MER009,,payment,1924205.44,NGN,mobile_app,success
TXN0406,2026-06-09 02:18:40,WAL009,MER017,,payment,42995.9,USD,mobile_app,pending
TXN1238,2026-06-01 21:57:36,WAL028,MER010,,payment,9629.13,NGN,mobile_app,success
TXN1232,2026-06-15 04:41:07,WAL010,,WAL036,transfer,4301.79,NGN,mobile_app,success
TXN1379,2026-06-25 10:27:30,WAL006,,WAL035,transfer,19626.59,USD,mobile_app,success
TXN1666,2026-06-02 02:44:36,WAL040,,WAL002,transfer,483.54,USD,mobile_app,success
TXN0447,2026-06-04 12:34:22,WAL026,,,withdrawal,185608.52,NGN,mobile_app,success
TXN1559,2026-06-25 16:47:05,WAL009,MER020,,payment,159333.22,NGN,mobile_app,success
TXN1705,2026-06-06 04:04:39,WAL011,,WAL008,transfer,478.53,USD,ussd,success
TXN0245,2026-06-14 03:50:55,WAL003,,,withdrawal,27380.02,NGN,web,success
TXN0544,2026-06-30 22:46:45,WAL020,,WAL008,transfer,851.63,USD,mobile_app,success
TXN1615,2026-06-01 02:16:12,WAL047,MER024,,payment,301525.42,NGN,web,success
TXN0376,2026-06-01 09:51:39,WAL017,MER014,,payment,483.84,USD,ussd,success
TXN0750,2026-06-15 06:01:32,WAL048,MER026,,payment,40569.34,NGN,ussd,success
TXN0589,2026-06-30 17:06:58,WAL012,MER005,,payment,460513.84,NGN,ussd,success
TXN1009,2026-06-20 02:48:22,WAL040,,,wallet_funding,41.33,USD,web,success
TXN0590,2026-06-08 20:53:17,WAL011,MER022,,payment,161.66,USD,web,success
TXN1113,2026-06-19 11:03:50,WAL004,,,withdrawal,23933.78,NGN,mobile_app,pending
TXN0713,2026-06-07 18:26:23,WAL049,,WAL004,transfer,42123.41,NGN,mobile_app,success
,2026-06-25 23:09:05,WAL037,MER019,,payment,206742.97,NGN,mobile_app,success
TXN0411,2026-06-30 18:05:47,WAL004,MER026,,payment,193.02,EUR,ussd,success
TXN1658,2026-06-06 16:33:37,WAL021,,WAL036,transfer,423675.34,NGN,mobile_app,success
TXN1397,2026-06-25 05:07:57,WAL033,,WAL017,transfer,37439.7,NGN,web,success
TXN0148,2026-06-12 13:48:07,WAL030,,WAL047,transfer,41916.04,NGN,ussd,success
TXN1665,2026-06-21 20:45:22,WAL018,MER005,,payment,13703.42,NGN,ussd,pending
TXN1271,2026-06-24 14:58:18,WAL032,MER008,,payment,1667431.31,NGN,ussd,success
TXN1505,2026-06-09 14:47:35,WAL036,MER004,,payment,29.0,USD,ussd,failed
TXN1872,2026-06-09 20:30:07,WAL008,,WAL036,transfer,2389405.34,NGN,ussd,success
TXN0246,2026-06-16 06:24:04,WAL002,,,withdrawal,370720.42,NGN,mobile_app,success
TXN1088,2026-06-09 20:32:23,WAL034,,WAL048,transfer,1848.49,USD,mobile_app,success
TXN0736,2026-06-18 01:33:59,WAL002,MER018,,payment,47695.67,USD,mobile_app,success
TXN1295,2026-06-16 17:10:08,WAL031,,WAL035,transfer,10532.0,NGN,mobile_app,success
TXN0732,2026-06-09 08:38:09,WAL022,MER005,,payment,429.84,USD,mobile_app,success
TXN1868,2026-06-27 11:11:27,WAL021,MER030,,payment,125912.94,NGN,ussd,success
TXN0525,2026-06-10 00:37:58,WAL008,MER007,,payment,906.1,NGN,mobile_app,success
TXN1213,2026-06-30 16:55:09,WAL019,MER006,,payment,384.04,USD,ussd,pending
TXN1486,2026-06-14 06:59:11,WAL002,MER007,,payment,16041.58,USD,mobile_app,success
TXN0673,2026-06-27 12:00:06,WAL010,MER009,,payment,27.78,EUR,mobile_app,success
TXN0723,2026-06-14 10:58:52,WAL035,,,withdrawal,311480.02,NGN,ussd,pending
TXN1426,2026-06-23 14:35:50,WAL032,,,wallet_funding,138.87,EUR,mobile_app,success
TXN0727,2026-06-09 02:43:38,WAL039,MER013,,payment,409944.94,NGN,mobile_app,success
TXN1503,2026-06-28 13:51:34,WAL042,MER013,,payment,32005.85,NGN,ussd,success
TXN1671,2026-06-24 20:39:43,WAL031,,,wallet_funding,25202.09,NGN,ussd,pending
TXN0088,2026-06-02 21:55:50,WAL022,,,wallet_funding,7004.88,NGN,pos,success
TXN0915,2026-06-02 18:38:50,WAL016,MER020,,payment,228155.59,NGN,mobile_app,pending
TXN0502,2026-06-01 09:48:30,WAL001,,WAL020,transfer,18399.32,NGN,web,success
TXN0724,2026-06-24 02:37:39,WAL050,,,wallet_funding,57896.27,NGN,mobile_app,success
TXN1406,2026-06-17 13:27:34,WAL020,,WAL001,transfer,6017.77,NGN,web,success
TXN0054,2026-06-24 04:35:41,WAL009,,,wallet_funding,31657.56,NGN,mobile_app,success
TXN1890,2026-06-03 12:26:07,WAL050,MER021,,payment,212161.41,NGN,pos,success
TXN0017,2026-06-06 06:17:53,WAL044,MER020,,payment,307.04,USD,ussd,success
TXN0207,2026-06-01 07:57:27,WAL019,MER009,,payment,16816.45,NGN,ussd,success
TXN1061,2026-06-03 12:01:30,WAL047,,,withdrawal,55.31,EUR,ussd,success
TXN0684,2026-06-03 15:18:35,WAL031,MER022,,payment,122.33,GBP,mobile_app,success
TXN1953,2026-06-04 15:48:14,WAL023,MER008,,payment,7621.71,NGN,mobile_app,success
TXN0624,2026-06-26 20:41:36,WAL033,MER011,,payment,27623.48,NGN,pos,success
TXN1762,2026-06-13 01:50:59,WAL010,,WAL017,transfer,2804.93,NGN,mobile_app,success
TXN0517,2026-06-24 02:45:37,WAL033,,,withdrawal,22519.82,NGN,pos,success
TXN2015,2026-06-01 08:49:42,WAL017,MER024,,swap,178455.82,NGN,mobile_app,success
TXN0706,2026-06-27 15:00:44,WAL032,MER013,,payment,187923.45,NGN,web,success
TXN1520,2026-06-20 20:45:23,WAL050,MER009,,payment,422.89,USD,mobile_app,success
TXN1611,2026-06-01 16:42:43,WAL009,MER024,,payment,310900.07,NGN,ussd,success
TXN0294,2026-06-12 08:47:50,WAL031,,WAL050,transfer,243.64,USD,mobile_app,success
TXN1451,2026-06-01 16:41:09,WAL011,,WAL027,transfer,204.41,USD,mobile_app,success
TXN0959,2026-06-24 20:48:17,WAL005,,,withdrawal,4722235.43,NGN,mobile_app,success
TXN0382,2026-06-26 22:53:42,WAL046,,,wallet_funding,1670.24,GBP,web,pending
TXN1475,2026-06-20 02:44:46,WAL003,MER029,,payment,3080.48,USD,ussd,failed
TXN0386,2026-06-10 10:39:35,WAL036,MER007,,payment,20948.81,NGN,pos,success
TXN0594,2026-06-03 08:59:40,WAL013,MER010,,payment,42764.55,NGN,web,pending
TXN1577,2026-06-03 21:37:33,WAL026,,,withdrawal,24096.66,NGN,mobile_app,success
TXN1960,2026-06-22 16:35:27,WAL041,MER029,,payment,312020.02,NGN,mobile_app,success
TXN1254,2026-06-25 16:04:30,WAL043,,WAL048,transfer,237.25,EUR,web,success
TXN0507,2026-06-28 06:56:19,WAL042,MER004,,payment,11165.63,NGN,mobile_app,pending
TXN1150,2026-06-10 00:36:23,WAL026,MER024,,payment,7679.46,NGN,mobile_app,success
TXN0965,2026-06-23 18:43:32,WAL014,MER015,,payment,25284.64,NGN,web,success
TXN1602,2026-06-14 20:29:37,WAL032,MER002,,payment,280312.79,NGN,mobile_app,success
TXN0476,2026-06-27 04:18:49,WAL001,,,wallet_funding,265.8,USD,mobile_app,success
TXN0230,2026-06-17 03:55:53,WAL022,,,withdrawal,4829349.04,NGN,mobile_app,failed
TXN0964,2026-06-27 20:07:09,WAL013,MER005,,payment,19069.77,NGN,ussd,success
TXN1896,2026-06-09 15:16:00,WAL025,MER011,,payment,378.97,EUR,mobile_app,success
TXN0895,2026-06-19 12:25:40,WAL029,MER014,,payment,303.79,USD,web,success
TXN0117,2026-06-21 14:00:46,WAL035,,WAL050,transfer,25861.14,NGN,mobile_app,success
TXN0412,2026-06-24 20:48:41,WAL024,MER008,,payment,96.86,EUR,ussd,success
TXN1942,2026-06-18 15:08:38,WAL906,MER019,,payment,24449.75,NGN,ussd,success
TXN0919,2026-06-04 19:03:42,WAL020,,,withdrawal,2394.93,NGN,mobile_app,success
TXN0281,2026-06-18 19:25:29,WAL039,,,wallet_funding,295859.43,NGN,pos,success
TXN1553,2026-06-29 15:46:33,WAL030,,,withdrawal,25914.43,NGN,pos,pending
TXN0934,2026-06-20 09:08:40,WAL044,,,wallet_funding,445657.85,NGN,ussd,success
TXN1941,2026-06-09 18:29:24,WAL905,MER013,,payment,16382.02,NGN,ussd,success
TXN1305,2026-06-21 07:10:37,WAL029,MER011,,payment,3739743.75,NGN,pos,success
TXN1498,2026-06-30 04:49:40,WAL013,,,wallet_funding,377900.47,NGN,mobile_app,success
TXN1259,2026-06-28 04:58:47,WAL036,MER029,,payment,11902.32,NGN,web,success
TXN1667,2026-06-08 18:52:28,WAL006,,WAL031,transfer,4142976.69,NGN,mobile_app,success
TXN0301,2026-06-15 08:19:53,WAL047,MER021,,payment,16362.47,GBP,mobile_app,success
TXN0599,2026-06-05 06:08:33,WAL034,,WAL019,transfer,368062.83,NGN,mobile_app,pending
TXN0838,2026-06-23 23:51:28,WAL025,MER008,,payment,35902.39,NGN,mobile_app,success
TXN1482,2026-06-22 06:02:16,WAL027,,,wallet_funding,53.48,EUR,ussd,pending
TXN1876,2026-06-20 13:07:55,WAL035,MER001,,payment,115945.73,NGN,web,success
TXN1568,2026-06-14 15:54:43,WAL012,MER003,,payment,36779.25,NGN,ussd,success
TXN0630,2026-06-15 18:49:35,WAL031,,WAL010,transfer,18734.05,GBP,ussd,success
TXN1168,2026-06-05 22:54:48,WAL011,MER017,,payment,1321.1,NGN,ussd,success
TXN0124,2026-06-26 18:11:57,WAL036,MER004,,payment,479.53,USD,ussd,success
TXN0018,2026-06-10 05:27:28,WAL019,MER025,,payment,40422.29,NGN,web,failed
TXN1181,2026-06-07 21:00:52,WAL026,MER007,,payment,487980.79,NGN,mobile_app,success
TXN0653,2026-06-09 17:37:05,WAL024,,WAL033,transfer,55383.62,NGN,mobile_app,success
TXN0126,2026-06-23 12:32:40,WAL042,,,wallet_funding,304021.74,NGN,ussd,success
TXN0802,2026-06-29 10:21:49,WAL016,,WAL036,transfer,232.61,EUR,mobile_app,success
TXN1849,2026-06-12 01:46:04,WAL037,,WAL039,transfer,458537.1,NGN,web,pending
TXN1369,2026-06-16 23:01:25,WAL039,MER016,,payment,108.77,GBP,mobile_app,success
TXN0909,2026-06-19 01:49:10,WAL048,MER004,,payment,330442.08,NGN,mobile_app,success
TXN0422,2026-06-09 10:19:02,WAL010,MER021,,payment,16431.27,NGN,pos,success
TXN1245,2026-06-15 21:33:31,WAL042,,WAL003,transfer,2497.7,USD,mobile_app,success
TXN0096,2026-06-08 12:01:56,WAL030,,WAL016,transfer,470.14,USD,mobile_app,success
TXN1268,2026-06-25 16:38:24,WAL043,MER018,,payment,251.71,USD,mobile_app,success
TXN0823,2026-06-17 04:57:48,WAL001,MER025,,payment,213.69,USD,ussd,success
TXN1985,2026-06-05 07:58:05,WAL009,MER014,,payment,-500,NGN,mobile_app,success
TXN0784,2026-06-07 07:34:09,WAL044,,WAL050,transfer,244.4,USD,web,success
TXN1491,2026-06-25 15:13:35,WAL034,,WAL042,transfer,152521.76,NGN,mobile_app,success
TXN1356,2026-06-26 19:29:20,WAL028,,,wallet_funding,47435.96,NGN,web,success
TXN0780,2026-06-16 09:32:47,WAL047,MER015,,payment,420439.18,NGN,pos,success
TXN1655,2026-06-12 01:27:19,WAL024,,,withdrawal,9967.7,NGN,pos,success
TXN0195,2026-06-24 17:43:47,WAL024,MER019,,payment,3747489.98,NGN,mobile_app,success
TXN0715,2026-06-22 14:59:46,WAL049,,WAL004,transfer,10125.28,NGN,mobile_app,success
TXN0160,2026-06-18 15:17:17,WAL036,,,wallet_funding,1142508.46,NGN,ussd,success
TXN1593,2026-06-03 17:04:50,WAL010,MER003,,payment,39.65,GBP,mobile_app,success
TXN1001,2026-06-03 15:03:29,WAL022,MER007,,payment,34949.8,NGN,mobile_app,success
TXN0429,2026-06-04 00:16:24,WAL050,,,wallet_funding,18254.78,NGN,ussd,success
TXN1177,2026-06-18 02:16:37,WAL034,,WAL021,transfer,5914.61,NGN,web,success
TXN1393,2026-06-11 06:36:14,WAL043,MER014,,payment,36196.4,NGN,web,failed
TXN1124,2026-06-19 02:43:04,WAL013,,WAL047,transfer,14608.88,NGN,web,success
TXN2020,2026-07-01 00:00:01,WAL031,MER029,,payment,12681.83,NGN,ussd,success
TXN0347,2026-06-17 07:10:35,WAL032,MER002,,payment,207717.17,NGN,web,success
,2026-06-21 18:49:58,WAL030,MER002,,payment,4388155.03,NGN,mobile_app,success
TXN0532,2026-06-20 05:09:00,WAL018,MER003,,payment,263872.33,NGN,ussd,success
TXN0712,2026-06-28 20:26:27,WAL048,MER002,,payment,248948.05,NGN,web,success
TXN0137,2026-06-10 07:42:08,WAL017,,,withdrawal,39511.95,NGN,ussd,success
TXN0663,2026-06-24 09:38:52,WAL009,,WAL048,transfer,275.92,EUR,mobile_app,success
TXN0952,2026-06-07 10:52:34,WAL025,MER001,,payment,4901.12,USD,web,success
TXN1341,2026-06-13 06:16:15,WAL027,,WAL037,transfer,2486.38,NGN,pos,success
TXN0960,2026-06-27 15:27:11,WAL016,MER006,,payment,190159.02,NGN,web,success
TXN1033,2026-06-06 17:19:23,WAL021,MER010,,payment,37032.27,NGN,ussd,success
TXN1644,2026-06-29 10:14:30,WAL037,MER007,,payment,277.01,GBP,web,success
TXN1996,2026-06-14 16:36:22,WAL008,MER003,,payment,-1000,NGN,mobile_app,success
TXN0695,2026-06-14 02:19:38,WAL050,,,withdrawal,404461.54,NGN,mobile_app,pending
TXN1240,2026-06-13 17:52:22,WAL043,MER025,,payment,329689.11,NGN,web,success
TXN1997,2026-06-14 19:24:31,WAL040,MER023,,payment,-500,NGN,mobile_app,success
TXN0420,2026-06-29 14:00:52,WAL009,,,wallet_funding,480285.69,NGN,mobile_app,success
TXN1643,2026-06-15 13:55:30,WAL010,,WAL021,transfer,25754.7,NGN,mobile_app,success
TXN0527,2026-06-08 02:12:16,WAL004,MER014,,payment,9489.39,NGN,pos,success
TXN1195,2026-06-25 20:45:51,WAL027,MER014,,payment,15020.49,NGN,web,success
TXN0087,2026-06-10 05:31:11,WAL045,MER022,,payment,3564.17,USD,mobile_app,success
TXN1323,2026-06-23 20:31:57,WAL044,,WAL003,transfer,43809.37,NGN,web,success
TXN1307,2026-06-26 05:07:16,WAL044,MER005,,payment,4671858.24,NGN,web,pending
TXN1023,2026-06-26 19:27:16,WAL040,,WAL011,transfer,72.51,USD,mobile_app,success
TXN1860,2026-06-20 23:00:25,WAL046,MER016,,payment,147.1,USD,mobile_app,success
TXN0193,2026-06-26 21:08:16,WAL025,,WAL035,transfer,356335.97,NGN,web,success
TXN1072,2026-06-08 22:04:37,WAL022,MER029,,payment,34756.04,NGN,ussd,success
TXN0155,2026-06-02 18:39:58,WAL047,MER013,,payment,439609.36,NGN,mobile_app,success
TXN1368,2026-06-01 21:03:23,WAL024,MER021,,payment,324192.66,NGN,ussd,success
TXN0421,2026-06-26 17:55:09,WAL004,,WAL044,transfer,46256.36,NGN,web,pending
TXN0444,2026-06-04 12:01:35,WAL049,MER019,,payment,4832.28,NGN,mobile_app,success
TXN1183,2026-06-09 11:50:02,WAL019,,,withdrawal,29662.82,NGN,pos,success
TXN0116,2026-06-29 22:39:03,WAL006,,,wallet_funding,72394.07,NGN,mobile_app,success
TXN1417,2026-06-29 10:52:21,WAL028,MER017,,payment,27125.84,NGN,mobile_app,success
TXN1339,2026-06-08 16:57:27,WAL030,MER019,,payment,134201.0,NGN,mobile_app,success
TXN0157,2026-06-13 22:45:07,WAL006,,WAL008,transfer,41205.89,NGN,ussd,success
TXN0426,2026-06-25 11:04:42,WAL039,,WAL049,transfer,17935.77,NGN,ussd,success
TXN0885,2026-06-04 04:09:02,WAL043,MER028,,payment,28710.21,NGN,mobile_app,success
TXN0221,2026-06-05 21:33:11,WAL044,MER008,,payment,71905.3,NGN,web,success
TXN0832,2026-06-25 10:35:43,WAL003,,,wallet_funding,11721.17,NGN,ussd,success
TXN1335,2026-06-29 09:50:03,WAL028,MER010,,payment,2452340.86,NGN,ussd,success
TXN1465,2026-06-20 11:42:43,WAL009,,WAL025,transfer,142624.79,NGN,mobile_app,success
TXN0993,2026-06-10 05:12:00,WAL028,,,withdrawal,34125.46,NGN,web,success
TXN0131,2026-06-25 11:50:31,WAL047,MER013,,payment,22251.38,NGN,ussd,success
TXN0147,2026-06-11 11:15:21,WAL011,,WAL004,transfer,64.48,USD,mobile_app,success
TXN1829,2026-06-11 23:07:38,WAL017,MER006,,payment,313951.1,NGN,web,success
TXN1716,2026-06-17 10:33:52,WAL048,MER029,,payment,47609.38,NGN,mobile_app,success
TXN0495,2026-06-27 00:04:46,WAL001,,WAL042,transfer,20247.07,NGN,web,success
TXN0966,2026-06-20 03:48:00,WAL027,MER004,,payment,820555.53,NGN,pos,failed
TXN1632,2026-06-05 13:31:28,WAL033,MER024,,payment,23729.34,NGN,mobile_app,success
TXN1236,2026-06-07 21:23:48,WAL003,,,withdrawal,22961.27,NGN,mobile_app,success
TXN0949,2026-06-06 03:21:55,WAL026,MER023,,payment,55392.61,NGN,mobile_app,success
TXN0834,2026-06-30 08:02:53,WAL048,MER004,,payment,4095441.19,NGN,pos,success
TXN0869,2026-06-03 12:26:32,WAL014,MER009,,payment,25676.75,NGN,ussd,failed
TXN0079,2026-06-27 06:19:45,WAL003,,WAL009,transfer,179321.26,NGN,mobile_app,success
TXN1203,2026-06-12 16:24:53,WAL012,,WAL044,transfer,24283.09,NGN,mobile_app,success
TXN0850,2026-06-26 21:19:34,WAL044,MER014,,payment,416785.84,NGN,ussd,success
TXN0197,2026-06-17 19:32:33,WAL032,,WAL020,transfer,415.7,USD,mobile_app,success
TXN1972,2026-06-26 23:18:28,WAL029,MER909,,payment,409411.63,NGN,pos,success
TXN0414,2026-06-01 20:42:09,WAL008,MER022,,payment,41382.48,NGN,web,failed
TXN0202,2026-06-09 12:48:31,WAL003,,,withdrawal,46862.13,NGN,pos,failed
TXN0730,2026-06-26 19:56:10,WAL040,,WAL002,transfer,458.86,USD,mobile_app,success
TXN0867,2026-06-14 20:27:31,WAL011,MER011,,payment,476.56,USD,web,success
TXN1479,2026-06-28 02:40:25,WAL040,,WAL006,transfer,4014.58,USD,mobile_app,success
TXN1371,2026-06-24 14:51:30,WAL040,,,withdrawal,288316.76,NGN,mobile_app,success
TXN0797,2026-06-18 12:07:13,WAL031,MER006,,payment,230.85,GBP,mobile_app,success
TXN1063,2026-06-03 18:43:00,WAL046,,,wallet_funding,482.96,USD,mobile_app,failed
TXN1967,2026-06-03 15:15:11,WAL040,MER904,,payment,2364.03,NGN,pos,success
TXN1699,2026-06-01 14:06:52,WAL010,MER009,,payment,41383.15,NGN,mobile_app,success
TXN0490,2026-06-14 19:27:33,WAL040,,,withdrawal,1744286.04,NGN,ussd,success
TXN1367,2026-06-01 21:48:32,WAL030,,WAL017,transfer,39617.78,NGN,ussd,success
TXN0696,2026-06-03 15:51:36,WAL036,,,withdrawal,99935.83,NGN,mobile_app,success
TXN0104,2026-06-26 07:32:04,WAL022,MER017,,payment,196.8,EUR,mobile_app,success
TXN0042,2026-06-17 20:31:18,WAL039,MER004,,payment,17390.94,NGN,web,pending
TXN0291,2026-06-03 08:24:03,WAL003,MER001,,payment,70.88,USD,web,success
TXN0078,2026-06-04 21:34:26,WAL025,,,wallet_funding,101.83,GBP,web,success
TXN0541,2026-06-10 07:14:58,WAL008,MER002,,payment,24750.53,NGN,ussd,success
TXN1804,2026-06-05 07:19:46,WAL027,,WAL020,transfer,19197.2,NGN,mobile_app,success
TXN1891,2026-06-17 02:39:52,WAL049,MER025,,payment,125564.68,NGN,pos,success
TXN1527,2026-06-03 02:58:53,WAL042,MER022,,payment,162861.72,NGN,mobile_app,success
TXN1546,2026-06-08 07:27:54,WAL016,MER011,,payment,16117.25,NGN,pos,success
TXN0458,2026-06-14 14:56:28,WAL010,,,wallet_funding,331978.87,NGN,web,pending
TXN0278,2026-06-24 12:36:37,WAL010,MER024,,payment,32826.95,NGN,mobile_app,success
TXN1286,2026-06-16 10:03:07,WAL030,MER011,,payment,45662.25,NGN,mobile_app,success
TXN1006,2026-06-22 14:36:01,WAL027,MER020,,payment,32249.76,NGN,pos,success
TXN0618,2026-06-21 16:52:06,WAL029,MER010,,payment,41890.63,NGN,web,success
TXN1842,2026-06-30 00:32:46,WAL042,,WAL021,transfer,307722.29,NGN,mobile_app,success
TXN0112,2026-06-18 20:14:22,WAL009,,,wallet_funding,430319.98,NGN,pos,success
TXN1171,2026-06-10 04:43:29,WAL029,MER008,,payment,26171.61,NGN,mobile_app,success
TXN1343,2026-06-29 23:22:55,WAL050,,,withdrawal,3883325.66,NGN,mobile_app,success
TXN1321,2026-06-16 01:37:52,WAL025,MER009,,payment,46117.42,NGN,ussd,success
TXN1010,2026-06-07 00:34:28,WAL016,,,withdrawal,183.74,GBP,mobile_app,success
TXN0021,2026-06-09 10:45:23,WAL045,,WAL044,transfer,186744.42,NGN,mobile_app,success
TXN0754,2026-06-25 14:19:51,WAL004,MER011,,payment,3276228.93,NGN,mobile_app,failed
TXN0563,2026-06-05 03:58:51,WAL009,,WAL026,transfer,7810.02,NGN,web,success
TXN1301,2026-06-02 18:32:12,WAL024,,WAL036,transfer,170665.93,NGN,mobile_app,success
TXN0241,2026-06-26 13:21:56,WAL019,,,wallet_funding,18966.05,NGN,mobile_app,success
TXN0038,2026-06-08 09:32:17,WAL018,MER006,,payment,11289.24,NGN,web,success
TXN0938,2026-06-04 05:45:44,WAL050,,WAL027,transfer,1411.04,GBP,web,success
TXN1413,2026-06-18 03:59:16,WAL047,,,wallet_funding,471.11,EUR,web,success
TXN0622,2026-06-23 00:06:46,WAL035,MER021,,payment,23331.46,NGN,mobile_app,success
TXN1781,2026-06-14 10:49:24,WAL039,MER028,,payment,4668.1,USD,ussd,failed
TXN1069,2026-06-07 15:57:21,WAL001,,WAL004,transfer,41414.83,NGN,web,success
TXN0920,2026-06-16 23:35:38,WAL019,MER030,,payment,1735.82,USD,web,failed
TXN0083,2026-06-23 14:03:33,WAL021,,WAL032,transfer,17605.5,NGN,ussd,success
TXN1200,2026-06-01 00:02:29,WAL011,,WAL033,transfer,10612.54,NGN,ussd,pending
TXN1436,2026-06-05 09:46:44,WAL036,MER014,,payment,23119.21,NGN,mobile_app,success
TXN0351,2026-06-17 09:44:27,WAL044,,,withdrawal,1465.14,GBP,web,success
TXN1768,2026-06-23 23:21:27,WAL037,MER029,,payment,11603.63,NGN,mobile_app,pending
TXN0614,2026-06-16 04:03:59,WAL002,,WAL025,transfer,194396.85,NGN,mobile_app,success
TXN0452,2026-06-09 22:22:01,WAL017,,WAL042,transfer,33713.41,NGN,ussd,success
TXN1445,2026-06-23 13:06:14,WAL030,,,wallet_funding,30361.92,NGN,ussd,success
TXN1863,2026-06-19 15:56:37,WAL004,,,withdrawal,800574.43,NGN,web,success
TXN0313,2026-06-02 17:12:05,WAL040,,,wallet_funding,1511.09,USD,mobile_app,pending
TXN0770,2026-06-14 11:37:40,WAL048,,WAL006,transfer,36262.46,NGN,web,success
TXN0300,2026-06-14 19:57:24,WAL050,MER014,,payment,1425.3,USD,ussd,success
TXN0204,2026-06-24 23:26:58,WAL010,,,wallet_funding,6076.01,NGN,mobile_app,success
TXN1077,2026-06-08 07:01:08,WAL048,,WAL027,transfer,43832.41,NGN,mobile_app,success
TXN0236,2026-06-18 02:18:53,WAL012,MER018,,payment,44523.54,NGN,pos,failed
TXN0911,2026-06-12 20:55:15,WAL003,,,wallet_funding,182382.94,NGN,mobile_app,success
TXN0611,2026-06-24 10:20:36,WAL036,MER026,,payment,43757.02,NGN,mobile_app,success
TXN2041,2026/06/13 21:55:03,WAL029,MER015,,payment,15874.76,NGN,web,success
TXN0305,2026-06-21 13:30:03,WAL050,MER007,,payment,8057.68,NGN,mobile_app,success
TXN1675,2026-06-24 20:00:24,WAL031,,WAL019,transfer,83.93,GBP,mobile_app,success
TXN1709,2026-06-21 21:06:33,WAL018,MER003,,payment,8380.0,NGN,mobile_app,success
TXN1514,2026-06-03 07:52:22,WAL039,MER023,,payment,147.19,EUR,ussd,pending
TXN1688,2026-06-18 20:10:12,WAL022,MER026,,payment,96.86,GBP,mobile_app,success
TXN1008,2026-06-22 01:14:47,WAL022,,WAL002,transfer,45489.59,NGN,web,success
TXN0350,2026-06-13 16:14:08,WAL008,MER003,,payment,36733.26,NGN,ussd,pending
TXN0512,2026-06-15 03:27:17,WAL020,,WAL039,transfer,401438.54,NGN,pos,success
TXN1400,2026-06-12 21:32:49,WAL017,,WAL014,transfer,30652.32,NGN,ussd,success
TXN0203,2026-06-02 19:39:04,WAL001,MER018,,payment,200769.62,NGN,ussd,success
TXN1396,2026-06-17 14:53:11,WAL017,MER013,,payment,39011.71,NGN,web,success
TXN1111,2026-06-22 00:36:53,WAL014,MER004,,payment,30416.29,NGN,mobile_app,success
TXN1971,2026-06-19 01:38:10,WAL048,MER908,,payment,9640.48,NGN,pos,success
TXN1276,2026-06-11 19:09:48,WAL005,MER024,,payment,31715.89,NGN,ussd,success
TXN0214,2026-06-25 21:58:37,WAL030,MER029,,payment,40442.31,NGN,web,success
TXN0591,2026-06-09 18:31:34,WAL009,,,wallet_funding,308.5,EUR,mobile_app,success
TXN0922,2026-06-01 13:51:13,WAL034,,WAL016,transfer,35156.91,EUR,mobile_app,success
TXN1125,2026-06-14 18:00:29,WAL050,,WAL047,transfer,2987.49,GBP,web,success
TXN0656,2026-06-28 11:31:04,WAL013,,,wallet_funding,23614.3,NGN,pos,success
TXN2037,2026/06/10 17:26:34,WAL044,MER014,,payment,40588.37,NGN,web,success
TXN1456,2026-06-17 21:00:41,WAL022,MER029,,payment,4848316.52,NGN,pos,success
TXN0100,2026-06-11 01:21:20,WAL043,MER030,,payment,52.79,GBP,pos,success
TXN0692,2026-06-12 14:31:40,WAL047,,,withdrawal,122812.11,NGN,ussd,success
TXN0598,2026-06-16 23:33:20,WAL037,MER018,,payment,3380.14,NGN,ussd,failed
TXN1374,2026-06-05 16:59:22,WAL029,MER025,,payment,79.66,EUR,mobile_app,success
TXN1994,2026-06-09 16:21:39,WAL047,MER023,,payment,0,NGN,mobile_app,success
TXN1255,2026-06-04 19:23:42,WAL005,,,withdrawal,399.15,EUR,ussd,success
TXN0463,2026-06-24 11:19:20,WAL026,MER018,,payment,139.53,USD,mobile_app,success
TXN0436,2026-06-29 23:24:57,WAL004,,,wallet_funding,185520.37,NGN,web,success
TXN0641,2026-06-23 00:59:19,WAL036,,,withdrawal,17969.27,NGN,pos,success
TXN1777,2026-06-12 05:29:21,WAL030,,,wallet_funding,49799.82,NGN,mobile_app,success
TXN1794,2026-06-27 03:59:01,WAL040,MER002,,payment,13426.44,NGN,ussd,pending
TXN0721,2026-06-15 18:05:09,WAL035,,WAL047,transfer,621.11,NGN,mobile_app,failed
TXN0067,2026-06-01 01:20:27,WAL048,,,wallet_funding,26162.75,NGN,ussd,success
TXN1660,2026-06-13 06:13:31,WAL009,,,withdrawal,5148.02,USD,mobile_app,failed
,2026-06-13 21:37:34,WAL011,MER024,,payment,411072.34,NGN,mobile_app,success
TXN0113,2026-06-30 18:51:52,WAL049,,WAL022,transfer,423257.53,NGN,mobile_app,success
TXN0077,2026-06-20 21:39:34,WAL047,,,withdrawal,169260.99,NGN,ussd,success
TXN0661,2026-06-01 01:00:39,WAL003,,WAL036,transfer,457077.99,NGN,ussd,success
TXN1799,2026-06-05 18:28:54,WAL032,,,wallet_funding,39479.56,NGN,web,success
TXN1448,2026-06-20 14:30:21,WAL021,,,wallet_funding,9639.02,NGN,web,success
TXN0967,2026-06-19 16:21:17,WAL042,MER024,,payment,39707.4,USD,web,success
TXN0107,2026-06-27 18:21:07,WAL016,MER011,,payment,249.95,GBP,mobile_app,success
TXN0325,2026-06-08 15:38:06,WAL049,MER024,,payment,115.36,USD,web,success
TXN1634,2026-06-22 13:47:54,WAL005,,WAL004,transfer,224680.76,NGN,pos,success
TXN0504,2026-06-18 17:20:48,WAL029,MER009,,payment,29006.69,NGN,mobile_app,success
TXN0565,2026-06-27 15:23:54,WAL034,,WAL039,transfer,2806.07,EUR,mobile_app,pending
TXN1856,2026-06-02 10:18:59,WAL012,MER014,,payment,42684.28,NGN,mobile_app,success
TXN0815,2026-06-23 11:17:35,WAL013,,,wallet_funding,213.96,USD,web,success
TXN0377,2026-06-17 22:16:32,WAL033,MER018,,payment,420940.05,NGN,mobile_app,success
TXN1701,2026-06-09 00:56:33,WAL049,MER030,,payment,45020.56,NGN,ussd,failed
TXN1749,2026-06-14 15:00:07,WAL025,,,wallet_funding,17096.9,EUR,ussd,success
TXN0625,2026-06-11 02:36:54,WAL050,,WAL048,transfer,395.79,USD,ussd,success
TXN1387,2026-06-22 08:41:25,WAL031,,,wallet_funding,391073.43,NGN,ussd,success
TXN1722,2026-06-16 16:59:51,WAL032,MER020,,payment,2400568.38,NGN,mobile_app,pending
TXN2024,2026-07-15 14:30:00,WAL040,MER008,,payment,20232.6,NGN,ussd,success
TXN0309,2026-06-13 14:02:40,WAL012,MER011,,payment,3798.48,USD,mobile_app,pending
TXN0682,2026-06-04 10:33:26,WAL018,,WAL009,transfer,10338.19,NGN,web,success
TXN1719,2026-06-04 13:33:58,WAL021,,,wallet_funding,36072.7,NGN,mobile_app,success
TXN1115,2026-06-21 09:00:41,WAL037,MER026,,payment,25.59,GBP,pos,success
TXN2080,2026-06-03 06:33:07,WAL030,MER017,,payment,##ERROR,NGN,mobile_app,success
TXN1608,2026-06-15 17:32:27,WAL032,MER015,,payment,3150.12,NGN,mobile_app,success
TXN2063,2026-06-07 18:36:24,WAL002,MER007,,payment,,NGN,mobile_app,success
TXN0269,2026-06-22 23:08:21,WAL024,MER028,,payment,60164.28,NGN,mobile_app,success
TXN0441,2026-06-27 05:25:19,WAL021,MER010,,payment,281439.56,NGN,ussd,success
TXN0676,2026-06-29 19:44:46,WAL021,MER018,,payment,3615.92,USD,mobile_app,success
TXN0604,2026-06-06 12:37:45,WAL049,MER029,,payment,48025.58,NGN,web,success
TXN1377,2026-06-08 14:52:50,WAL013,MER004,,payment,393320.94,NGN,web,success
TXN2069,2026-06-30 20:46:15,WAL042,MER018,,payment,44305.07,NGN,whatsapp,success
TXN0548,2026-06-27 16:53:28,WAL024,,,wallet_funding,41394.67,NGN,mobile_app,success
TXN1449,2026-06-23 10:26:34,WAL048,,WAL027,transfer,1700267.16,NGN,pos,success
TXN1657,2026-06-15 07:43:03,WAL014,,WAL013,transfer,16396.55,NGN,web,success
TXN0719,2026-06-04 05:01:49,WAL043,,,wallet_funding,45763.32,NGN,mobile_app,success
TXN0621,2026-06-07 23:26:52,WAL045,MER011,,payment,45904.59,NGN,mobile_app,pending
TXN0143,2026-06-26 01:04:40,WAL009,MER008,,payment,453.6,USD,mobile_app,success
TXN1730,2026-06-29 16:26:27,WAL017,MER009,,payment,67420.67,NGN,mobile_app,pending
TXN1943,2026-06-19 09:27:42,WAL907,MER005,,payment,473962.03,NGN,ussd,success
TXN1554,2026-06-02 03:18:52,WAL035,MER011,,payment,35175.49,NGN,mobile_app,failed
TXN1216,2026-06-05 16:05:17,WAL016,MER011,,payment,38832.09,NGN,ussd,pending
TXN1175,2026-06-15 19:43:42,WAL050,MER001,,payment,9773.55,NGN,pos,success
TXN1861,2026-06-30 01:41:39,WAL021,MER015,,payment,4484459.93,NGN,web,success
TXN0558,2026-06-17 07:39:51,WAL006,MER024,,payment,138.65,USD,mobile_app,success
TXN1086,2026-06-02 06:41:46,WAL050,,,withdrawal,348236.63,NGN,mobile_app,pending
TXN0588,2026-06-08 23:04:00,WAL009,MER018,,payment,51.8,USD,web,success
TXN1819,2026-06-15 03:28:40,WAL018,MER020,,payment,4207719.23,NGN,mobile_app,success
TXN0540,2026-06-06 08:42:00,WAL008,,WAL036,transfer,108399.29,NGN,pos,success
TXN2005,2026-06-05 17:12:32,WAL017,MER016,,payment,14135.37,CNY,web,success
TXN0826,2026-06-23 23:28:43,WAL009,MER007,,payment,282.03,EUR,mobile_app,success
TXN0714,2026-06-30 12:32:51,WAL047,MER030,,payment,395193.04,NGN,mobile_app,success
TXN1442,2026-06-06 07:27:01,WAL012,MER001,,payment,18972.61,NGN,web,success
TXN0870,2026-06-03 22:38:28,WAL024,MER009,,payment,20670.94,NGN,mobile_app,pending
TXN1386,2026-06-15 05:19:36,WAL029,,,wallet_funding,205.72,USD,pos,success
TXN0861,2026-06-20 21:15:05,WAL028,MER022,,payment,47924.93,NGN,pos,success
TXN1571,2026-06-18 23:35:52,WAL035,MER024,,payment,37375.98,NGN,mobile_app,success
TXN0573,2026-06-12 00:58:22,WAL030,MER007,,payment,4593809.36,NGN,mobile_app,success
TXN0167,2026-06-06 21:23:51,WAL014,,,wallet_funding,18364.38,NGN,ussd,success
TXN0768,2026-06-08 19:05:39,WAL019,,WAL024,transfer,7923.13,NGN,mobile_app,success
TXN1678,2026-06-04 20:20:21,WAL037,,,withdrawal,42995.76,NGN,mobile_app,pending
TXN0904,2026-06-11 19:50:35,WAL050,MER025,,payment,36862.02,NGN,pos,success
TXN1540,2026-06-20 19:35:48,WAL027,,WAL046,transfer,5878.18,NGN,web,success
TXN0899,2026-06-03 22:28:38,WAL010,MER026,,payment,3894681.6,NGN,mobile_app,pending
TXN0984,2026-06-03 05:18:27,WAL024,,WAL035,transfer,37090.63,NGN,web,success
TXN1885,2026-06-02 17:42:33,WAL050,,WAL034,transfer,155877.18,NGN,ussd,success
TXN2045,2026/06/29 10:13:55,WAL018,MER019,,payment,298416.03,NGN,web,success
TXN1049,2026-06-23 21:59:15,WAL020,,,withdrawal,47442.25,NGN,mobile_app,success
TXN0492,2026-06-25 22:01:20,WAL019,,,wallet_funding,350.15,USD,pos,success
TXN1420,2026-06-02 01:27:33,WAL010,,,wallet_funding,370131.5,NGN,mobile_app,pending
TXN1940,2026-06-26 04:18:27,WAL904,MER024,,payment,23073.36,NGN,ussd,success
TXN0385,2026-06-29 10:14:21,WAL021,MER017,,payment,31902.64,NGN,ussd,success
TXN0069,2026-06-30 13:23:12,WAL018,,WAL009,transfer,20695.54,NGN,mobile_app,pending
TXN1158,2026-06-06 21:27:22,WAL027,,,withdrawal,41360.1,NGN,mobile_app,failed
TXN0687,2026-06-09 05:59:21,WAL042,,,withdrawal,258.52,GBP,ussd,failed
TXN1800,2026-06-08 06:30:02,WAL026,MER006,,payment,276809.54,NGN,mobile_app,success
TXN0787,2026-06-10 14:59:48,WAL019,,WAL028,transfer,21730.72,NGN,mobile_app,success
TXN0814,2026-06-05 14:04:56,WAL033,,WAL009,transfer,13115.58,NGN,mobile_app,success
TXN0689,2026-06-29 03:07:40,WAL017,,,wallet_funding,28898.19,NGN,mobile_app,failed
TXN1846,2026-06-10 05:48:13,WAL008,MER014,,payment,1825.65,USD,mobile_app,failed
TXN0391,2026-06-16 15:24:19,WAL037,MER005,,payment,12816.74,NGN,web,success
TXN1519,2026-06-21 12:38:42,WAL049,,WAL020,transfer,69.41,GBP,pos,success
TXN2009,2026-06-03 14:41:58,WAL031,MER004,,refund,8516.72,NGN,mobile_app,success
TXN1285,2026-06-12 09:37:54,WAL002,MER009,,payment,402272.77,NGN,mobile_app,success
TXN1604,2026-06-11 09:43:37,WAL043,,,wallet_funding,31492.82,NGN,ussd,pending
TXN0655,2026-06-30 02:20:02,WAL046,MER022,,payment,245.83,EUR,mobile_app,success
TXN0084,2026-06-13 03:23:07,WAL033,,,wallet_funding,24418.8,NGN,mobile_app,success
TXN1430,2026-06-10 04:01:23,WAL011,MER019,,payment,30295.11,NGN,web,success
TXN1894,2026-06-19 23:59:49,WAL017,,,wallet_funding,4656970.41,NGN,pos,success
TXN0217,2026-06-19 13:37:15,WAL032,,,wallet_funding,207.99,GBP,web,success
TXN0448,2026-06-22 05:55:46,WAL028,MER028,,payment,26906.65,NGN,mobile_app,success
TXN0918,2026-06-02 04:47:55,WAL013,MER019,,payment,45123.05,NGN,mobile_app,success
TXN1726,2026-06-10 19:00:46,WAL016,MER018,,payment,384823.86,NGN,mobile_app,success
TXN1021,2026-06-06 02:20:13,WAL009,MER024,,payment,412.46,USD,ussd,success
TXN0445,2026-06-04 10:04:15,WAL042,,,wallet_funding,140.83,GBP,mobile_app,success
TXN1977,2026-06-29 00:28:23,WAL012,MER027,,payment,91614.68,NGN,web,success
TXN0767,2026-06-22 03:15:52,WAL030,MER022,,payment,109.74,USD,mobile_app,pending
TXN1313,2026-06-17 00:39:52,WAL042,,,wallet_funding,40461.33,NGN,pos,success
TXN0501,2026-06-17 20:37:15,WAL029,,,wallet_funding,68.98,USD,ussd,success
TXN1017,2026-06-27 00:22:25,WAL016,MER023,,payment,36356.44,USD,mobile_app,success
TXN0128,2026-06-16 01:39:04,WAL033,MER021,,payment,84529.87,NGN,web,pending
TXN0538,2026-06-25 13:29:00,WAL028,,WAL005,transfer,115.58,GBP,ussd,success
TXN0362,2026-06-29 21:16:50,WAL019,MER030,,payment,892.54,USD,ussd,success
TXN0070,2026-06-23 09:37:32,WAL009,,WAL035,transfer,1813377.73,NGN,web,success
TXN1146,2026-06-05 23:52:51,WAL043,,,wallet_funding,10688.67,NGN,web,success
TXN1098,2026-06-05 17:27:20,WAL025,MER014,,payment,405.67,USD,mobile_app,success
,2026-06-11 12:21:08,WAL013,MER013,,payment,11116.15,NGN,mobile_app,success
TXN0442,2026-06-10 08:17:35,WAL024,,WAL005,transfer,382.95,EUR,ussd,success
TXN1893,2026-06-30 16:19:04,WAL021,MER028,,payment,3575865.47,NGN,web,pending
TXN0186,2026-06-08 05:31:42,WAL044,,,wallet_funding,1933385.82,NGN,mobile_app,success
TXN1152,2026-06-26 14:18:18,WAL016,MER022,,payment,44226.33,NGN,web,success
TXN1209,2026-06-24 11:36:12,WAL028,,,withdrawal,35570.76,NGN,ussd,success
TXN1874,2026-06-19 17:31:10,WAL043,MER021,,payment,2707832.84,NGN,web,success
TXN1045,2026-06-09 19:05:58,WAL014,,,withdrawal,11854.52,NGN,mobile_app,success
TXN0089,2026-06-21 15:57:23,WAL040,MER025,,payment,5468.28,NGN,web,success
TXN0094,2026-06-23 12:54:39,WAL050,MER004,,payment,47339.95,NGN,mobile_app,success
TXN0118,2026-06-29 19:03:05,WAL035,,WAL016,transfer,49230.06,NGN,mobile_app,success
TXN1821,2026-06-23 15:27:13,WAL009,,WAL017,transfer,29869.23,NGN,ussd,success
TXN0002,2026-06-04 23:31:03,WAL030,,WAL019,transfer,13407.9,NGN,web,success
TXN1182,2026-06-19 08:08:36,WAL046,MER018,,payment,27473.36,NGN,pos,failed
TXN1466,2026-06-01 12:32:48,WAL046,MER010,,payment,31613.01,NGN,ussd,success
TXN0776,2026-06-08 00:50:03,WAL027,MER025,,payment,32447.18,NGN,pos,success
TXN0855,2026-06-11 07:44:47,WAL033,MER015,,payment,21620.57,USD,pos,success
TXN1853,2026-06-28 19:29:32,WAL028,MER004,,payment,147485.23,NGN,ussd,success
TXN0080,2026-06-05 21:05:57,WAL032,MER015,,payment,16556.55,NGN,mobile_app,success
TXN0731,2026-06-24 06:40:45,WAL026,MER011,,payment,450376.98,NGN,ussd,success
TXN0534,2026-06-08 11:19:40,WAL050,,WAL026,transfer,16178.61,NGN,ussd,success
TXN1362,2026-06-04 17:10:15,WAL024,MER025,,payment,3370165.54,NGN,pos,success
TXN1895,2026-06-08 23:33:53,WAL019,MER017,,payment,26885.49,NGN,mobile_app,failed
TXN1552,2026-06-10 13:40:30,WAL046,MER001,,payment,8739.19,USD,ussd,success
TXN0988,2026-06-02 10:02:45,WAL012,,,withdrawal,14377.71,NGN,web,success
TXN1522,2026-06-06 13:15:46,WAL009,MER023,,payment,273.1,USD,mobile_app,success
TXN1806,2026-06-03 00:47:08,WAL040,,WAL042,transfer,10791.87,NGN,mobile_app,pending
TXN0430,2026-06-28 06:38:36,WAL017,,WAL049,transfer,39323.21,NGN,web,success
TXN0247,2026-06-08 21:16:05,WAL042,MER005,,payment,449.3,USD,mobile_app,success
TXN0930,2026-06-14 18:40:17,WAL016,MER030,,payment,3343.93,NGN,ussd,success
TXN0628,2026-06-03 23:37:55,WAL006,MER023,,payment,37871.93,NGN,web,success
TXN0405,2026-06-17 15:18:03,WAL013,MER015,,payment,41867.56,NGN,web,success
TXN1293,2026-06-07 08:51:04,WAL020,,,wallet_funding,35322.72,NGN,web,success
TXN0320,2026-06-05 12:23:02,WAL003,,,withdrawal,213.25,GBP,mobile_app,failed
TXN0434,2026-06-04 14:45:45,WAL013,,,withdrawal,29.91,USD,mobile_app,success
TXN0176,2026-06-20 17:07:55,WAL022,MER005,,payment,21073.28,NGN,ussd,success
TXN1037,2026-06-23 20:24:13,WAL029,MER023,,payment,291392.79,NGN,mobile_app,failed
TXN1288,2026-06-30 15:34:37,WAL025,MER011,,payment,595030.6,NGN,mobile_app,success
TXN1801,2026-06-05 03:04:45,WAL039,,,wallet_funding,24100.53,NGN,ussd,pending
TXN1689,2026-06-01 18:41:23,WAL016,MER022,,payment,43327.26,NGN,web,success
TXN0462,2026-06-09 01:13:18,WAL036,MER025,,payment,28507.72,NGN,pos,success
TXN1827,2026-06-21 04:06:19,WAL001,,,wallet_funding,30682.26,NGN,mobile_app,pending
TXN0623,2026-06-28 21:32:55,WAL010,,WAL024,transfer,98142.48,NGN,ussd,success
TXN0577,2026-06-14 06:59:44,WAL011,,,wallet_funding,38241.15,NGN,ussd,success
TXN0607,2026-06-16 07:35:14,WAL040,,WAL011,transfer,409791.1,NGN,pos,success
TXN0468,2026-06-08 15:20:04,WAL027,,WAL050,transfer,2366.35,USD,mobile_app,success
TXN0667,2026-06-12 13:51:19,WAL035,MER001,,payment,254.85,USD,pos,success
TXN1509,2026-06-03 20:18:07,WAL034,,,wallet_funding,2565.63,GBP,mobile_app,success
TXN0007,2026-06-08 13:06:35,WAL020,MER009,,payment,34531.11,NGN,web,success
TXN2079,2026-06-02 05:56:04,WAL019,MER019,,payment,USD200,NGN,mobile_app,success
TXN0226,2026-06-08 05:51:04,WAL022,MER028,,payment,426.18,USD,mobile_app,success
TXN0896,2026-06-23 12:50:34,WAL031,,,wallet_funding,46910.45,NGN,web,success
TXN1378,2026-06-19 14:38:20,WAL043,,WAL046,transfer,258.2,EUR,ussd,success
TXN1668,2026-06-11 17:27:09,WAL018,MER010,,payment,11406.91,NGN,mobile_app,success
TXN1076,2026-06-18 12:00:19,WAL006,,,wallet_funding,26758.79,NGN,ussd,success
TXN1078,2026-06-13 21:12:52,WAL005,,,wallet_funding,24000.39,GBP,mobile_app,success
TXN2056,2026-06-09 10:57:08,WAL024,MER015,,payment,,NGN,mobile_app,success
TXN0015,2026-06-10 09:00:45,WAL029,MER029,,payment,10537.1,GBP,ussd,success
TXN1320,2026-06-10 06:30:45,WAL028,MER020,,payment,11050.9,EUR,mobile_app,success
TXN2046,2026/06/28 07:51:00,WAL050,MER030,,payment,363397.43,NGN,web,success
TXN1850,2026-06-07 17:23:27,WAL048,,,wallet_funding,4914.23,USD,web,pending
TXN0998,2026-06-11 22:13:39,WAL050,,WAL048,transfer,2613.45,GBP,web,success
TXN0570,2026-06-17 04:38:12,WAL035,MER018,,payment,17919.7,NGN,ussd,success
TXN0874,2026-06-24 09:47:15,WAL020,,WAL037,transfer,182.19,USD,ussd,success
TXN1105,2026-06-23 08:48:08,WAL019,,,withdrawal,1991.92,EUR,pos,failed
TXN0251,2026-06-04 13:38:29,WAL006,MER003,,payment,119425.45,NGN,mobile_app,success
TXN1052,2026-06-30 05:11:19,WAL009,MER004,,payment,3342.86,EUR,mobile_app,success
TXN1964,2026-06-16 20:50:20,WAL010,MER901,,payment,28136.46,NGN,pos,success
TXN0432,2026-06-10 20:36:49,WAL045,,,wallet_funding,75.41,GBP,ussd,success
TXN1248,2026-06-08 03:09:10,WAL045,,WAL024,transfer,132915.79,NGN,ussd,success
TXN0586,2026-06-22 22:15:59,WAL006,,WAL031,transfer,472029.17,NGN,web,success
TXN0977,2026-06-22 09:29:17,WAL046,,,withdrawal,4450.59,NGN,mobile_app,success
TXN1723,2026-06-09 22:19:52,WAL001,,,wallet_funding,5114.21,NGN,pos,success
TXN1264,2026-06-18 04:52:06,WAL010,MER020,,payment,103564.22,NGN,pos,pending
TXN0851,2026-06-26 05:27:19,WAL018,MER015,,payment,39038.2,NGN,ussd,success
TXN0901,2026-06-03 18:46:47,WAL018,,WAL014,transfer,2399.85,USD,mobile_app,success
TXN1500,2026-06-05 15:41:19,WAL022,MER008,,payment,2749.07,USD,mobile_app,success
TXN0728,2026-06-05 15:39:14,WAL039,,WAL025,transfer,263.9,USD,mobile_app,success
TXN1766,2026-06-12 18:50:44,WAL035,MER029,,payment,651.34,NGN,ussd,success
TXN0154,2026-06-03 03:02:16,WAL014,,,wallet_funding,20212.09,NGN,web,success
TXN1012,2026-06-07 01:18:21,WAL036,MER002,,payment,391.07,EUR,web,success
TXN0192,2026-06-04 00:33:46,WAL010,,WAL034,transfer,2652669.95,NGN,mobile_app,failed
TXN1370,2026-06-25 05:20:51,WAL016,,WAL006,transfer,20445.44,NGN,web,success
TXN0597,2026-06-19 09:29:46,WAL005,,,wallet_funding,240.7,USD,mobile_app,pending
TXN0651,2026-06-21 23:04:01,WAL045,,,withdrawal,87.46,GBP,mobile_app,success
TXN0261,2026-06-11 04:15:29,WAL032,,,wallet_funding,425.42,USD,web,success
TXN1224,2026-06-04 00:37:04,WAL018,MER013,,payment,308.9,USD,web,success
TXN1441,2026-06-09 08:53:01,WAL013,,,withdrawal,3317.34,EUR,mobile_app,pending
TXN1541,2026-06-21 00:09:07,WAL004,MER016,,payment,346843.5,NGN,pos,success
TXN0293,2026-06-05 12:44:56,WAL047,MER025,,payment,342010.4,NGN,mobile_app,success
TXN1812,2026-06-20 18:56:11,WAL022,MER018,,payment,35991.06,NGN,mobile_app,success
TXN0401,2026-06-28 20:56:11,WAL048,MER022,,payment,671.1,EUR,web,pending
TXN1851,2026-06-20 18:44:22,WAL048,MER030,,payment,324503.55,NGN,mobile_app,success
TXN1529,2026-06-22 07:19:20,WAL002,,,wallet_funding,26663.55,NGN,ussd,success
TXN0321,2026-06-05 02:55:06,WAL043,MER005,,payment,83674.64,NGN,ussd,success
TXN0389,2026-06-09 04:26:23,WAL042,,,wallet_funding,89619.52,NGN,ussd,success
TXN0218,2026-06-17 21:10:52,WAL009,MER001,,payment,36528.98,NGN,mobile_app,success
TXN1683,2026-06-02 00:08:17,WAL036,,WAL045,transfer,2893.05,NGN,mobile_app,success
TXN1360,2026-06-20 05:37:24,WAL018,MER013,,payment,7659.89,NGN,ussd,pending
TXN1193,2026-06-16 04:58:29,WAL036,,,withdrawal,219.56,USD,mobile_app,success
TXN0745,2026-06-17 10:32:04,WAL014,,WAL044,transfer,336.86,EUR,web,success
TXN1512,2026-06-28 05:54:25,WAL034,,WAL039,transfer,3968333.7,NGN,web,success
TXN0165,2026-06-22 14:35:31,WAL006,,,wallet_funding,28042.56,EUR,web,success
TXN1767,2026-06-03 21:25:48,WAL033,,WAL001,transfer,14716.89,NGN,mobile_app,success
TXN0009,2026-06-22 10:46:32,WAL040,,WAL003,transfer,47280.02,NGN,web,success
TXN0336,2026-06-12 07:11:15,WAL012,MER008,,payment,40906.12,NGN,pos,success
TXN0900,2026-06-08 01:39:54,WAL011,MER005,,payment,48528.42,NGN,ussd,success
TXN1755,2026-06-29 13:25:26,WAL001,MER020,,payment,18375.85,NGN,ussd,success
TXN0387,2026-06-17 15:14:21,WAL030,,,withdrawal,6867.91,GBP,web,success
TXN1443,2026-06-02 06:05:39,WAL025,MER026,,payment,114954.22,NGN,mobile_app,success
TXN0503,2026-06-12 12:17:13,WAL020,MER013,,payment,25189.12,NGN,mobile_app,success
TXN0759,2026-06-16 08:45:57,WAL028,,WAL036,transfer,24673.75,NGN,web,success
TXN1532,2026-06-28 12:33:00,WAL009,,,wallet_funding,277.34,USD,mobile_app,pending
TXN0022,2026-06-16 15:26:51,WAL033,MER023,,payment,39789.9,NGN,pos,success
TXN1338,2026-06-19 01:44:27,WAL042,MER001,,payment,35213.77,NGN,ussd,pending
TXN2078,2026-06-09 09:03:52,WAL004,MER028,,payment,"1,500",NGN,mobile_app,success
TXN0595,2026-06-17 01:46:20,WAL006,MER021,,payment,33768.48,NGN,ussd,success
TXN0315,2026-06-26 00:55:13,WAL003,,,withdrawal,14474.19,NGN,web,success
TXN0296,2026-06-19 14:18:31,WAL006,,WAL011,transfer,44108.96,NGN,mobile_app,success
TXN0705,2026-06-26 05:24:06,WAL047,MER018,,payment,404071.18,NGN,ussd,success
TXN1179,2026-06-18 00:41:22,WAL039,MER018,,payment,1171.27,NGN,mobile_app,success
TXN2004,2026-06-07 05:22:03,WAL050,MER020,,payment,1345.88,ZAR,web,success
TXN1347,2026-06-19 06:24:41,WAL033,,WAL024,transfer,72.97,USD,web,success
TXN0129,2026-06-29 20:09:11,WAL036,MER020,,payment,3825144.97,NGN,mobile_app,pending
TXN0274,2026-06-30 16:13:33,WAL029,,WAL022,transfer,327813.59,NGN,web,success
TXN1710,2026-06-05 21:16:37,WAL006,MER028,,payment,219.99,USD,pos,failed
TXN0491,2026-06-20 14:38:36,WAL042,MER004,,payment,28152.22,NGN,ussd,success
TXN1984,2026-06-07 18:41:11,WAL009,MER021,,payment,-500,NGN,mobile_app,success
TXN1717,2026-06-20 11:18:30,WAL030,,,wallet_funding,1891968.12,NGN,mobile_app,success
TXN0270,2026-06-08 23:29:11,WAL018,,WAL047,transfer,21605.28,NGN,ussd,success
TXN0489,2026-06-20 09:22:26,WAL026,,WAL042,transfer,1260.64,NGN,web,pending
TXN1444,2026-06-30 01:18:42,WAL037,MER017,,payment,11523.63,NGN,mobile_app,success
TXN1501,2026-06-18 01:10:42,WAL047,,WAL040,transfer,285740.75,NGN,mobile_app,success
TXN1570,2026-06-30 09:27:59,WAL049,,,withdrawal,193579.47,NGN,mobile_app,success
TXN0076,2026-06-29 15:36:36,WAL025,,,wallet_funding,162.53,GBP,ussd,success
TXN1424,2026-06-14 17:18:25,WAL042,MER006,,payment,5061.1,NGN,ussd,success
TXN1230,2026-06-29 13:47:20,WAL001,MER001,,payment,4069.52,USD,ussd,failed
TXN1410,2026-06-20 05:39:10,WAL012,,,wallet_funding,47857.0,NGN,pos,success
TXN1497,2026-06-18 09:30:26,WAL043,MER008,,payment,216.61,EUR,web,success
TXN0408,2026-06-07 08:13:28,WAL034,,,withdrawal,2775.63,NGN,mobile_app,success
TXN1823,2026-06-30 16:53:10,WAL036,MER026,,payment,7431.99,EUR,pos,pending
TXN0766,2026-06-22 01:19:32,WAL042,,WAL022,transfer,23393.09,NGN,mobile_app,success
TXN0014,2026-06-23 20:23:37,WAL017,MER023,,payment,247.96,GBP,pos,success
TXN1287,2026-06-03 05:09:39,WAL022,MER021,,payment,291206.36,NGN,web,success
TXN0584,2026-06-02 21:43:53,WAL040,MER026,,payment,13544.08,USD,mobile_app,pending
TXN0499,2026-06-24 09:54:39,WAL027,,WAL037,transfer,4536499.08,NGN,web,success
TXN1351,2026-06-17 11:38:49,WAL028,,WAL031,transfer,19647.37,NGN,web,success
TXN0953,2026-06-30 12:59:33,WAL043,MER001,,payment,276539.52,NGN,web,success
TXN0875,2026-06-14 15:45:05,WAL003,MER025,,payment,4940.9,NGN,web,pending
TXN0975,2026-06-14 23:56:26,WAL031,MER016,,payment,139110.04,NGN,mobile_app,failed
TXN0852,2026-06-21 00:04:35,WAL006,MER014,,payment,11131.83,NGN,mobile_app,success
TXN1624,2026-06-11 15:14:12,WAL042,MER029,,payment,97892.88,NGN,ussd,success
TXN1154,2026-06-14 07:43:01,WAL030,MER001,,payment,29762.97,NGN,mobile_app,success
TXN0151,2026-06-19 22:54:41,WAL034,MER008,,payment,37492.17,NGN,mobile_app,success
TXN2074,2026-06-07 17:03:43,WAL012,MER026,,payment,47366.75,NGN,qr,success
TXN0581,2026-06-09 14:18:39,WAL032,,,wallet_funding,23148.47,NGN,mobile_app,success
TXN0976,2026-06-28 12:42:36,WAL016,MER015,,payment,38078.65,NGN,mobile_app,pending
TXN1165,2026-06-24 16:08:53,WAL008,MER024,,payment,2813.16,USD,mobile_app,failed
TXN1641,2026-06-07 16:13:51,WAL009,MER019,,payment,10227.59,NGN,web,success
TXN1576,2026-06-27 16:00:51,WAL020,MER023,,payment,244785.88,NGN,pos,success
TXN0368,2026-06-05 18:25:53,WAL017,MER022,,payment,332.07,EUR,mobile_app,success
TXN0933,2026-06-16 01:32:30,WAL043,MER029,,payment,108.83,USD,pos,success
TXN1172,2026-06-06 09:25:15,WAL017,MER021,,payment,79.24,GBP,ussd,success
TXN1672,2026-06-30 10:41:11,WAL016,MER007,,payment,352.48,USD,mobile_app,success
TXN0631,2026-06-15 06:44:59,WAL004,MER030,,payment,35316.03,NGN,web,success
TXN2070,2026-06-29 09:14:23,WAL032,MER005,,payment,87576.27,NGN,sms,success
TXN1693,2026-06-25 21:10:38,WAL040,MER018,,payment,2126.57,EUR,mobile_app,success
TXN1778,2026-06-27 15:07:41,WAL032,,WAL044,transfer,18858.41,NGN,mobile_app,success
TXN1518,2026-06-12 02:04:20,WAL027,,,withdrawal,30138.21,NGN,ussd,success
TXN0629,2026-06-08 05:50:59,WAL032,,WAL043,transfer,10185.5,NGN,web,success
TXN0642,2026-06-09 03:09:40,WAL003,,WAL044,transfer,39358.57,NGN,mobile_app,success
TXN0308,2026-06-09 12:38:32,WAL009,MER029,,payment,25072.44,NGN,mobile_app,success
TXN0556,2026-06-19 13:37:46,WAL004,MER002,,payment,7904.21,NGN,ussd,success
TXN2008,2026-06-04 15:19:18,WAL011,MER001,,sale,24351.7,NGN,mobile_app,success
TXN0066,2026-06-20 10:33:38,WAL040,MER029,,payment,6238.12,NGN,web,pending
TXN1980,2026-06-23 19:42:08,WAL006,MER012,,payment,274939.86,NGN,web,success
TXN0878,2026-06-07 11:48:06,WAL047,,,withdrawal,974.14,NGN,mobile_app,success
TXN1419,2026-06-28 06:35:12,WAL006,MER024,,payment,33204.19,NGN,ussd,success
TXN1521,2026-06-30 03:12:06,WAL001,,WAL047,transfer,252108.24,NGN,web,success
TXN1692,2026-06-19 03:46:59,WAL004,MER029,,payment,2654.83,GBP,mobile_app,success
TXN0439,2026-06-24 01:14:55,WAL040,,,wallet_funding,270.89,EUR,mobile_app,pending
TXN1244,2026-06-20 03:44:37,WAL003,,WAL010,transfer,402092.05,NGN,web,success
TXN1289,2026-06-18 02:55:33,WAL040,MER014,,payment,27005.9,NGN,pos,pending
TXN1097,2026-06-18 07:31:34,WAL021,,,withdrawal,19836.74,NGN,mobile_app,success
TXN0357,2026-06-14 00:53:50,WAL042,MER026,,payment,886.6,USD,mobile_app,success
TXN0285,2026-06-15 04:56:38,WAL021,,WAL031,transfer,361.06,EUR,web,success
TXN1231,2026-06-13 03:10:50,WAL004,MER008,,payment,2664.11,NGN,mobile_app,success
TXN0122,2026-06-09 08:14:48,WAL045,MER014,,payment,22117.23,NGN,mobile_app,success
TXN1283,2026-06-14 22:41:43,WAL030,,,withdrawal,102119.52,NGN,ussd,success
TXN0707,2026-06-14 23:42:53,WAL004,MER006,,payment,3283836.42,NGN,mobile_app,success
TXN0209,2026-06-16 02:18:56,WAL050,MER005,,payment,188.24,GBP,mobile_app,success
TXN1062,2026-06-18 22:02:40,WAL024,MER011,,payment,363.82,USD,mobile_app,success
TXN1389,2026-06-04 14:17:50,WAL033,,,wallet_funding,13369.98,NGN,mobile_app,success
TXN1626,2026-06-15 21:09:48,WAL018,,,wallet_funding,32093.31,NGN,pos,success
TXN1588,2026-06-15 11:24:05,WAL019,MER026,,payment,32377.42,NGN,mobile_app,success
TXN1616,2026-06-03 07:06:07,WAL021,MER013,,payment,23887.52,NGN,mobile_app,success
TXN1551,2026-06-05 03:02:39,WAL027,MER028,,payment,19983.98,NGN,mobile_app,failed
TXN0295,2026-06-22 14:32:25,WAL001,MER008,,payment,43086.84,NGN,web,success
TXN2067,2026-06-02 07:57:27,WAL046,MER028,,payment,166771.91,NGN,branch,success
TXN1621,2026-06-08 17:44:49,WAL042,MER004,,payment,349.68,USD,mobile_app,success
TXN0050,2026-06-12 04:35:46,WAL009,,WAL035,transfer,477894.95,NGN,web,success
TXN1357,2026-06-25 23:53:51,WAL045,,WAL027,transfer,14444.84,NGN,mobile_app,success
TXN0819,2026-06-18 12:16:46,WAL050,,WAL009,transfer,15481.5,NGN,mobile_app,success
TXN0237,2026-06-02 15:24:27,WAL005,,,withdrawal,235577.09,NGN,web,success
TXN1274,2026-06-22 14:15:29,WAL037,MER015,,payment,372313.19,NGN,pos,success
TXN0660,2026-06-13 13:45:09,WAL008,MER022,,payment,399756.95,NGN,mobile_app,success
TXN1073,2026-06-03 03:52:34,WAL008,,WAL018,transfer,236878.69,NGN,mobile_app,success
TXN0691,2026-06-22 23:07:56,WAL035,MER010,,payment,36723.42,NGN,pos,success
TXN0605,2026-06-17 09:43:29,WAL049,MER030,,payment,7219.82,NGN,mobile_app,success
TXN0761,2026-06-04 15:45:19,WAL039,MER003,,payment,28889.27,NGN,web,success
TXN2029,2025-12-01 08:00:00,WAL003,MER015,,payment,12701.9,NGN,ussd,success
TXN1273,2026-06-27 02:43:02,WAL014,MER025,,payment,109.54,USD,pos,success
TXN1721,2026-06-04 04:57:36,WAL004,MER014,,payment,64.1,GBP,ussd,success
TXN1092,2026-06-20 10:30:09,WAL045,MER024,,payment,489194.35,NGN,ussd,success
TXN1005,2026-06-19 05:20:22,WAL050,,,withdrawal,23451.85,NGN,web,success
TXN0475,2026-06-30 20:14:00,WAL044,MER021,,payment,67.58,USD,ussd,success
TXN1988,2026-06-02 13:11:11,WAL010,MER025,,payment,0,NGN,mobile_app,success
TXN0196,2026-06-19 10:22:32,WAL029,,,wallet_funding,1446.34,EUR,mobile_app,success
TXN0843,2026-06-27 21:00:10,WAL022,,WAL011,transfer,41436.68,NGN,pos,success
TXN0454,2026-06-18 08:05:46,WAL010,,WAL026,transfer,3955.54,NGN,mobile_app,success
TXN0856,2026-06-06 08:33:03,WAL009,MER010,,payment,6328.24,NGN,mobile_app,success
TXN1764,2026-06-22 16:52:46,WAL011,MER018,,payment,18753.46,NGN,pos,success
TXN1887,2026-06-30 19:23:24,WAL005,,WAL046,transfer,30716.38,NGN,ussd,success
TXN1516,2026-06-11 18:08:39,WAL024,MER007,,payment,32200.85,NGN,mobile_app,failed
TXN1488,2026-06-10 07:58:29,WAL030,MER009,,payment,28985.11,NGN,pos,success
TXN0033,2026-06-27 12:17:24,WAL044,,,wallet_funding,24539.28,NGN,mobile_app,success
TXN1471,2026-06-14 09:24:24,WAL019,,WAL036,transfer,163062.83,NGN,mobile_app,success
TXN0633,2026-06-11 06:05:04,WAL048,MER010,,payment,42244.72,NGN,mobile_app,success
TXN0649,2026-06-19 10:29:59,WAL049,,WAL032,transfer,43578.75,NGN,mobile_app,failed
TXN0451,2026-06-15 18:59:27,WAL016,,WAL012,transfer,129.67,GBP,ussd,success
TXN0266,2026-06-11 18:39:00,WAL036,,WAL050,transfer,149465.06,NGN,mobile_app,success
TXN1622,2026-06-25 08:09:15,WAL039,MER008,,payment,46758.01,NGN,web,success
TXN1191,2026-06-16 15:42:58,WAL043,MER010,,payment,213.99,USD,mobile_app,success
TXN0703,2026-06-25 02:15:53,WAL011,,,wallet_funding,15011.89,NGN,pos,success
TXN1025,2026-06-30 13:11:25,WAL030,,WAL032,transfer,4093110.25,NGN,ussd,success
TXN0356,2026-06-27 09:57:09,WAL028,MER008,,payment,139.27,GBP,mobile_app,success
TXN1515,2026-06-22 01:25:06,WAL036,,WAL013,transfer,35109.56,NGN,pos,success
TXN1418,2026-06-07 12:27:10,WAL005,MER007,,payment,84.37,USD,mobile_app,success
TXN1402,2026-06-03 11:30:56,WAL024,,,wallet_funding,22373.95,NGN,ussd,success
TXN2025,2026-05-15 10:00:00,WAL035,MER006,,payment,2609.86,NGN,ussd,success
TXN0114,2026-06-17 11:55:27,WAL026,MER001,,payment,126.23,GBP,mobile_app,success
TXN1979,2026-06-10 08:41:16,WAL004,MER012,,payment,309447.55,NGN,web,success
TXN0081,2026-06-08 01:36:03,WAL018,,WAL046,transfer,126493.47,NGN,mobile_app,pending
TXN0942,2026-06-12 18:17:33,WAL032,MER010,,payment,1268.48,USD,mobile_app,success
TXN1754,2026-06-02 23:27:45,WAL022,,,withdrawal,171072.42,NGN,mobile_app,success
TXN1306,2026-06-30 20:38:38,WAL027,,WAL028,transfer,34408.68,NGN,web,failed
TXN0428,2026-06-19 11:44:45,WAL011,MER005,,payment,39383.84,NGN,pos,success
TXN1331,2026-06-09 05:17:25,WAL001,MER022,,payment,36351.7,NGN,mobile_app,pending
TXN1079,2026-06-22 16:26:16,WAL034,,,wallet_funding,36472.03,NGN,mobile_app,success
TXN0061,2026-06-15 00:15:20,WAL032,MER003,,payment,474204.37,NGN,ussd,success
TXN0366,2026-06-20 13:29:55,WAL011,,WAL004,transfer,20091.74,NGN,pos,success
TXN2006,2026-06-21 13:50:06,WAL026,MER019,,payment,18651.19,JPY,web,success
TXN1854,2026-06-08 01:46:23,WAL014,,,wallet_funding,46229.39,NGN,mobile_app,pending
TXN0804,2026-06-16 16:56:58,WAL011,MER023,,payment,265935.31,NGN,ussd,success
TXN1871,2026-06-09 06:26:06,WAL013,MER029,,payment,440.31,USD,pos,success
TXN1051,2026-06-29 14:07:52,WAL037,,WAL047,transfer,29424.2,NGN,mobile_app,success
TXN0187,2026-06-15 12:37:59,WAL043,MER013,,payment,357.28,USD,mobile_app,success
TXN0139,2026-06-09 00:52:01,WAL032,MER028,,payment,486314.9,NGN,ussd,success
TXN0862,2026-06-05 07:08:41,WAL012,,WAL042,transfer,368329.77,NGN,ussd,success
TXN0568,2026-06-16 17:27:36,WAL025,MER017,,payment,10602.52,NGN,web,success
TXN1391,2026-06-28 08:34:15,WAL027,,WAL050,transfer,305438.4,NGN,mobile_app,success
TXN1251,2026-06-28 16:31:27,WAL027,,,wallet_funding,21610.53,NGN,mobile_app,success
TXN1695,2026-06-26 07:06:54,WAL027,MER002,,payment,257131.48,NGN,ussd,success
TXN1148,2026-06-19 03:41:43,WAL046,,,wallet_funding,481143.89,NGN,mobile_app,success
TXN0716,2026-06-18 12:40:15,WAL029,MER016,,payment,118.12,GBP,mobile_app,success
TXN0275,2026-06-30 19:55:34,WAL043,MER018,,payment,15616.31,NGN,mobile_app,success
TXN0323,2026-06-12 08:10:36,WAL005,,,withdrawal,99038.67,NGN,mobile_app,success
TXN0859,2026-06-28 19:39:44,WAL022,,WAL010,transfer,1583.64,GBP,web,success
TXN2044,2026/06/07 00:50:50,WAL019,MER002,,payment,32927.61,NGN,web,success
TXN0636,2026-06-23 01:24:28,WAL036,MER017,,payment,120.61,USD,mobile_app,success
TXN1567,2026-06-14 20:31:07,WAL016,MER009,,payment,2887.95,USD,web,failed
TXN0905,2026-06-19 05:58:08,WAL016,MER005,,payment,14.85,USD,mobile_app,success
TXN1439,2026-06-03 04:51:33,WAL011,,,wallet_funding,26171.79,NGN,mobile_app,success
TXN0650,2026-06-19 13:04:01,WAL049,MER030,,payment,938140.35,NGN,ussd,success
TXN0173,2026-06-09 04:28:30,WAL043,,,withdrawal,374285.03,NGN,ussd,pending
TXN0958,2026-06-13 01:20:05,WAL049,,WAL005,transfer,284662.85,NGN,mobile_app,success
TXN1585,2026-06-23 23:57:18,WAL018,MER011,,payment,31222.3,NGN,ussd,success
TXN0849,2026-06-22 23:57:16,WAL025,,,withdrawal,30452.31,USD,pos,success
TXN0056,2026-06-26 08:50:28,WAL028,MER021,,payment,495514.08,NGN,mobile_app,success
TXN1817,2026-06-11 23:09:12,WAL008,MER005,,payment,9333.5,NGN,pos,success
TXN0699,2026-06-16 13:22:02,WAL026,,,wallet_funding,3195.77,NGN,mobile_app,success
TXN0456,2026-06-16 04:55:18,WAL018,,,wallet_funding,145.57,USD,mobile_app,success
TXN0894,2026-06-04 00:14:16,WAL032,MER030,,payment,5540.47,NGN,mobile_app,success
TXN0303,2026-06-21 10:20:29,WAL027,,WAL001,transfer,49374.63,NGN,mobile_app,success
TXN1651,2026-06-08 01:35:38,WAL047,MER029,,payment,32683.26,NGN,pos,success
TXN1564,2026-06-30 09:24:34,WAL013,MER003,,payment,431.84,USD,mobile_app,success
TXN1034,2026-06-26 00:38:05,WAL003,,,withdrawal,456.18,GBP,mobile_app,success
TXN0020,2026-06-25 14:50:25,WAL022,,WAL029,transfer,299486.06,NGN,mobile_app,success
TXN0704,2026-06-07 09:49:22,WAL034,MER008,,payment,14930.08,NGN,mobile_app,pending
TXN0616,2026-06-27 08:05:30,WAL026,,WAL022,transfer,4118012.97,NGN,ussd,success
TXN1936,2026-06-05 11:53:29,WAL900,MER002,,payment,901.69,NGN,ussd,success
TXN0398,2026-06-30 09:36:54,WAL050,MER004,,payment,362.2,USD,mobile_app,success
TXN1363,2026-06-04 19:46:03,WAL025,,,withdrawal,20.97,USD,pos,success
TXN1064,2026-06-27 02:06:11,WAL048,,,withdrawal,979.89,USD,web,success
TXN0474,2026-06-06 06:29:36,WAL002,MER017,,payment,131.74,GBP,mobile_app,success
TXN1648,2026-06-20 03:46:33,WAL002,MER005,,payment,230.42,USD,web,success
TXN1222,2026-06-27 12:04:05,WAL050,,,wallet_funding,4932202.7,NGN,web,success
TXN1694,2026-06-09 01:20:25,WAL001,,,withdrawal,171324.6,NGN,mobile_app,success
TXN1318,2026-06-22 05:25:31,WAL040,MER006,,payment,6451.87,NGN,pos,success
TXN0105,2026-06-22 12:47:15,WAL005,,,wallet_funding,6746.48,NGN,ussd,success
TXN0285,2026-06-09 03:23:42,WAL027,MER010,,payment,47955.23,NGN,web,success
TXN2032,2026/06/10 16:25:40,WAL029,MER006,,payment,10229.4,NGN,web,success
TXN0029,2026-06-26 07:21:29,WAL035,,WAL040,transfer,14643.54,NGN,mobile_app,success
TXN0749,2026-06-08 09:57:03,WAL022,,WAL014,transfer,37704.68,NGN,web,success
TXN0317,2026-06-24 22:48:24,WAL014,,WAL040,transfer,117755.72,NGN,pos,success
TXN0717,2026-06-28 05:39:03,WAL006,MER025,,payment,1422.73,GBP,mobile_app,success
TXN1270,2026-06-11 05:27:38,WAL031,,WAL020,transfer,5423.59,NGN,mobile_app,success
TXN1459,2026-06-26 18:30:30,WAL012,MER026,,payment,31898.47,NGN,ussd,pending
TXN0044,2026-06-30 21:35:23,WAL039,,,wallet_funding,316613.99,NGN,mobile_app,success
TXN1040,2026-06-13 21:40:44,WAL009,MER014,,payment,371444.72,NGN,mobile_app,success
TXN0333,2026-06-10 16:23:06,WAL047,,,wallet_funding,40207.32,NGN,web,failed
TXN1196,2026-06-01 06:56:08,WAL033,,,wallet_funding,25.76,GBP,mobile_app,pending
TXN0342,2026-06-20 04:54:08,WAL043,MER017,,payment,8296.44,NGN,pos,success
,2026-06-23 00:34:18,WAL008,MER011,,payment,141034.53,NGN,mobile_app,success
TXN1261,2026-06-16 05:39:18,WAL009,MER006,,payment,3092053.3,NGN,ussd,success
TXN0609,2026-06-15 23:10:25,WAL024,,WAL022,transfer,43913.91,NGN,mobile_app,pending
TXN1965,2026-06-26 04:36:52,WAL018,MER902,,payment,1889.88,NGN,pos,success
TXN0845,2026-06-20 15:16:59,WAL014,,,wallet_funding,19804.68,NGN,web,pending
TXN0747,2026-06-24 12:31:18,WAL036,MER005,,payment,132.84,USD,ussd,success
TXN0961,2026-06-30 09:52:04,WAL018,MER013,,payment,1406305.32,NGN,web,success
TXN0579,2026-06-30 08:32:24,WAL034,,WAL003,transfer,271151.03,NGN,mobile_app,success
TXN0211,2026-06-13 00:19:05,WAL049,,,wallet_funding,139.56,GBP,web,success
TXN1826,2026-06-19 07:34:33,WAL025,MER025,,payment,148.99,USD,pos,success
TXN1262,2026-06-23 01:01:44,WAL001,MER030,,payment,370122.13,NGN,ussd,success
TXN2016,2026-05-31 23:59:59,WAL004,MER004,,payment,18477.75,NGN,ussd,success
TXN0082,2026-06-12 16:35:13,WAL035,,,withdrawal,13071.88,NGN,mobile_app,success
TXN0969,2026-06-18 13:04:41,WAL046,,WAL011,transfer,116548.78,NGN,ussd,failed
TXN1483,2026-06-28 05:00:45,WAL021,,,wallet_funding,34933.99,NGN,mobile_app,success
TXN1530,2026-06-16 09:58:36,WAL004,MER011,,payment,1364.36,NGN,web,success
TXN2033,2026/06/01 20:18:25,WAL042,MER015,,payment,26818.74,NGN,web,success
TXN0951,2026-06-27 00:41:48,WAL042,MER026,,payment,392.75,EUR,web,success
TXN0403,2026-06-15 02:32:07,WAL027,,,wallet_funding,92750.22,NGN,web,success
TXN0052,2026-06-09 17:03:52,WAL022,MER005,,payment,48727.6,NGN,ussd,success
TXN0722,2026-06-23 22:33:01,WAL009,,WAL010,transfer,152.65,GBP,web,success
TXN1752,2026-06-04 19:51:14,WAL017,MER024,,payment,389678.53,NGN,pos,success
TXN1961,2026-06-01 03:07:54,WAL015,MER020,,payment,3959.18,NGN,mobile_app,success
TXN0836,2026-06-10 23:17:32,WAL027,MER022,,payment,25541.88,NGN,web,success
TXN0457,2026-06-17 02:17:55,WAL034,MER029,,payment,27807.76,NGN,mobile_app,success
TXN0055,2026-06-28 07:45:20,WAL022,MER026,,payment,21100.61,NGN,ussd,success
TXN0343,2026-06-16 09:39:43,WAL013,,WAL014,transfer,326169.43,NGN,mobile_app,success
TXN0339,2026-06-24 21:29:08,WAL039,MER001,,payment,12014.86,NGN,mobile_app,success
TXN0049,2026-06-23 23:23:18,WAL040,,WAL019,transfer,198856.75,NGN,web,success
TXN0554,2026-06-28 23:21:34,WAL008,,WAL026,transfer,309328.09,NGN,mobile_app,success
TXN1433,2026-06-02 05:37:15,WAL032,,,wallet_funding,24.27,GBP,mobile_app,success
TXN1147,2026-06-22 15:48:41,WAL031,,WAL026,transfer,5824.18,NGN,mobile_app,success
TXN0306,2026-06-08 13:01:38,WAL039,MER015,,payment,342428.14,NGN,ussd,success
TXN1425,2026-06-25 22:16:16,WAL006,,WAL021,transfer,135900.16,NGN,mobile_app,success
TXN1991,2026-06-11 09:25:55,WAL021,MER020,,payment,-500,NGN,mobile_app,success
TXN1696,2026-06-26 02:20:44,WAL043,MER025,,payment,38300.16,NGN,mobile_app,success
TXN0392,2026-06-05 23:39:49,WAL028,,WAL039,transfer,2763.06,NGN,pos,success
TXN0234,2026-06-29 02:45:01,WAL030,MER023,,payment,28704.58,NGN,mobile_app,success
TXN1958,2026-06-01 22:47:21,WAL041,MER011,,payment,13067.86,NGN,mobile_app,success
TXN0326,2026-06-13 01:11:45,WAL026,MER030,,payment,41094.44,NGN,mobile_app,failed
TXN0182,2026-06-06 05:14:35,WAL031,MER019,,payment,20461.08,NGN,mobile_app,success
TXN1989,2026-06-17 15:33:10,WAL037,MER026,,payment,-100,NGN,mobile_app,success
TXN1865,2026-06-18 08:57:33,WAL012,MER007,,payment,145.49,GBP,pos,success
TXN1874,2026-06-26 00:22:06,WAL013,,WAL002,transfer,142.0,EUR,ussd,success
TXN0516,2026-06-14 19:05:17,WAL032,,WAL024,transfer,62858.05,NGN,web,pending
TXN1824,2026-06-27 19:46:01,WAL037,,,wallet_funding,41107.27,NGN,pos,success
TXN0307,2026-06-12 14:01:57,WAL004,MER023,,payment,187.57,GBP,mobile_app,success
TXN0913,2026-06-30 20:23:40,WAL005,MER006,,payment,388011.57,NGN,mobile_app,success
TXN1734,2026-06-19 21:14:55,WAL040,,WAL018,transfer,56396.1,NGN,mobile_app,success
TXN1169,2026-06-26 18:31:34,WAL032,MER015,,payment,18044.13,NGN,mobile_app,success
TXN0225,2026-06-27 23:36:46,WAL035,MER015,,payment,19367.15,NGN,ussd,success
TXN1366,2026-06-10 00:22:18,WAL020,,WAL016,transfer,9472.39,NGN,mobile_app,success
TXN1225,2026-06-04 10:26:41,WAL030,,WAL003,transfer,27795.55,NGN,pos,success
TXN1828,2026-06-04 16:50:23,WAL022,,WAL021,transfer,3377.16,USD,ussd,success
TXN0459,2026-06-25 14:54:20,WAL046,MER019,,payment,29706.8,NGN,pos,success
TXN1736,2026-06-22 09:52:35,WAL021,MER022,,payment,37471.56,NGN,web,success
TXN1978,2026-06-10 15:39:53,WAL034,MER027,,payment,380715.22,NGN,web,success
TXN0040,2026-06-16 03:27:23,WAL042,,WAL047,transfer,288.86,EUR,mobile_app,success
TXN1405,2026-06-24 21:55:35,WAL046,MER008,,payment,47596.07,NGN,mobile_app,pending
TXN0559,2026-06-07 07:53:53,WAL010,MER018,,payment,28780.87,NGN,ussd,failed
TXN1067,2026-06-09 13:11:01,WAL014,,WAL030,transfer,120.0,EUR,mobile_app,pending
TXN0883,2026-06-02 18:52:13,WAL020,MER004,,payment,13.5,USD,pos,success
TXN0416,2026-06-17 02:46:34,WAL040,,,wallet_funding,213483.18,NGN,ussd,success
TXN1303,2026-06-04 22:52:40,WAL008,MER007,,payment,1174.41,NGN,ussd,success
TXN1533,2026-06-24 03:04:44,WAL042,,WAL046,transfer,22758.72,NGN,web,success
TXN1330,2026-06-05 06:42:58,WAL009,,,withdrawal,16216.31,NGN,ussd,success
TXN1623,2026-06-17 06:11:11,WAL035,MER014,,payment,2968.48,USD,mobile_app,success
TXN1090,2026-06-21 13:33:14,WAL049,,,withdrawal,166125.2,NGN,ussd,success
TXN1136,2026-06-18 09:14:29,WAL013,MER028,,payment,165.27,GBP,mobile_app,success
TXN1535,2026-06-11 20:47:32,WAL011,MER025,,payment,22480.94,USD,mobile_app,success
TXN0248,2026-06-04 19:22:29,WAL036,,WAL046,transfer,11991.13,NGN,mobile_app,success
TXN0844,2026-06-20 14:37:19,WAL032,,WAL048,transfer,189.27,GBP,mobile_app,success
TXN0955,2026-06-10 19:21:38,WAL011,MER011,,payment,36402.77,NGN,pos,success
TXN0783,2026-06-07 14:33:32,WAL001,MER026,,payment,4570.49,NGN,mobile_app,success
TXN1394,2026-06-24 03:42:55,WAL045,,,withdrawal,238.98,EUR,ussd,success
TXN0263,2026-06-24 06:20:56,WAL043,MER013,,payment,361269.3,NGN,ussd,success
TXN0449,2026-06-27 11:48:54,WAL021,,,withdrawal,461376.1,NGN,web,success
TXN0369,2026-06-05 08:01:36,WAL014,MER002,,payment,150.49,GBP,ussd,success
TXN2039,2026/06/08 05:29:48,WAL006,MER013,,payment,26468.49,NGN,web,success
TXN1947,2026-06-22 08:05:49,WAL911,MER004,,payment,9189.68,NGN,ussd,success
TXN1333,2026-06-10 03:19:17,WAL020,,,wallet_funding,35029.13,NGN,mobile_app,success
TXN1455,2026-06-02 05:36:33,WAL039,MER030,,payment,6001.28,NGN,ussd,success
TXN1002,2026-06-10 11:57:16,WAL047,MER015,,payment,342.38,USD,pos,success
TXN0304,2026-06-13 17:28:04,WAL016,MER015,,payment,277975.27,NGN,ussd,success
TXN1569,2026-06-22 15:32:54,WAL001,,,withdrawal,38683.61,NGN,pos,success
TXN1016,2026-06-19 12:48:31,WAL047,,,withdrawal,13081.88,NGN,mobile_app,success
TXN0071,2026-06-23 22:10:33,WAL018,MER003,,payment,30169.19,NGN,web,success
TXN1056,2026-06-09 02:29:36,WAL044,MER007,,payment,382.76,EUR,mobile_app,failed
TXN0702,2026-06-04 21:24:19,WAL029,,,wallet_funding,992143.03,NGN,mobile_app,success
TXN1591,2026-06-24 03:51:48,WAL027,MER006,,payment,22.48,USD,mobile_app,success
TXN0413,2026-06-04 19:50:39,WAL033,MER025,,payment,25173.58,NGN,mobile_app,failed
TXN1440,2026-06-02 21:25:39,WAL004,,WAL031,transfer,181888.77,NGN,ussd,pending
TXN0680,2026-06-24 00:43:51,WAL035,MER011,,payment,32420.61,NGN,mobile_app,success
TXN1160,2026-06-03 13:09:23,WAL019,,,wallet_funding,15562.36,NGN,mobile_app,success
TXN0794,2026-06-30 00:59:27,WAL003,MER019,,payment,48887.43,NGN,web,success
TXN0361,2026-06-11 06:52:11,WAL014,MER029,,payment,2459270.17,NGN,pos,success
TXN1504,2026-06-05 16:58:23,WAL049,,,withdrawal,44626.12,NGN,web,pending
TXN0047,2026-06-01 11:49:36,WAL037,,,withdrawal,269860.54,NGN,web,success
TXN1774,2026-06-21 14:59:04,WAL019,,WAL043,transfer,20396.71,NGN,web,success
TXN0265,2026-06-28 08:11:57,WAL047,,WAL019,transfer,484572.58,NGN,mobile_app,success
TXN1099,2026-06-24 03:41:26,WAL043,,,wallet_funding,34277.51,NGN,mobile_app,success
TXN0073,2026-06-24 18:28:20,WAL011,MER030,,payment,38262.2,NGN,mobile_app,failed
TXN1460,2026-06-08 09:09:08,WAL039,,,withdrawal,175290.34,NGN,pos,failed
TXN1043,2026-06-05 00:15:11,WAL031,MER024,,payment,12848.61,NGN,web,pending
TXN0790,2026-06-11 00:42:48,WAL044,MER001,,payment,1352.94,USD,mobile_app,success
TXN1490,2026-06-07 12:41:43,WAL024,,,wallet_funding,219.93,EUR,mobile_app,failed
TXN1011,2026-06-16 06:10:53,WAL009,MER003,,payment,89520.33,NGN,mobile_app,success
TXN1952,2026-06-05 21:27:07,WAL038,MER028,,payment,42766.44,NGN,mobile_app,success
TXN0552,2026-06-23 08:22:10,WAL026,MER020,,payment,162436.36,NGN,mobile_app,success
TXN1022,2026-06-28 18:36:44,WAL021,,WAL027,transfer,126837.17,NGN,pos,success
TXN0319,2026-06-15 22:16:33,WAL008,MER009,,payment,384.86,EUR,pos,success
TXN1403,2026-06-29 14:40:21,WAL016,,WAL033,transfer,21772.9,NGN,pos,success
TXN0208,2026-06-18 10:54:30,WAL050,MER024,,payment,8405.98,NGN,web,failed
TXN0486,2026-06-30 19:19:18,WAL047,,WAL032,transfer,473.4,USD,web,success
TXN1020,2026-06-14 06:21:46,WAL011,,,wallet_funding,19169.22,NGN,pos,success
TXN0948,2026-06-16 21:08:50,WAL024,,WAL016,transfer,27314.28,NGN,pos,success
TXN0528,2026-06-01 14:41:53,WAL009,,,withdrawal,487.74,USD,mobile_app,failed
TXN0739,2026-06-29 14:40:41,WAL013,MER008,,payment,148.38,EUR,mobile_app,success
TXN1642,2026-06-13 18:25:29,WAL034,MER005,,payment,212.5,USD,ussd,success
TXN1026,2026-06-26 06:32:12,WAL017,MER003,,payment,13976.49,GBP,mobile_app,success
TXN1946,2026-06-05 23:07:47,WAL910,MER014,,payment,43517.0,NGN,ussd,success
TXN0091,2026-06-11 22:51:36,WAL049,,WAL001,transfer,32965.35,EUR,mobile_app,success
TXN1118,2026-06-30 22:17:20,WAL011,MER005,,payment,30742.37,EUR,web,success
TXN0857,2026-06-24 14:08:39,WAL002,,,wallet_funding,2908.23,NGN,pos,pending
TXN1879,2026-06-13 20:38:27,WAL029,,WAL010,transfer,387.34,USD,mobile_app,failed
TXN0119,2026-06-07 15:53:24,WAL019,MER008,,payment,21817.42,NGN,mobile_app,success
TXN0785,2026-06-29 18:55:07,WAL024,,,wallet_funding,9503.52,NGN,pos,failed
TXN0484,2026-06-17 10:18:31,WAL040,,WAL011,transfer,19760.63,NGN,ussd,success
TXN1620,2026-06-08 23:23:44,WAL003,MER025,,payment,6917.22,GBP,mobile_app,success
TXN1797,2026-06-17 09:25:38,WAL002,MER001,,payment,33411.67,NGN,mobile_app,success
TXN0264,2026-06-27 01:32:26,WAL044,,WAL003,transfer,345921.08,NGN,mobile_app,success
TXN0610,2026-06-11 11:49:16,WAL037,MER001,,payment,400005.9,NGN,pos,success
TXN2054,2026/06/19 13:04:00,WAL008,MER005,,payment,14689.42,NGN,web,success
TXN1525,2026-06-02 20:18:34,WAL028,MER005,,payment,1588.64,USD,ussd,success
TXN1487,2026-06-08 01:22:34,WAL001,MER020,,payment,2140.3,EUR,mobile_app,success
TXN1325,2026-06-03 17:18:02,WAL032,,WAL046,transfer,27432.13,NGN,pos,success
TXN0886,2026-06-14 07:36:54,WAL014,,,wallet_funding,3549805.4,NGN,ussd,success
TXN0219,2026-06-15 11:37:05,WAL033,,WAL020,transfer,41256.34,NGN,mobile_app,success
TXN1763,2026-06-14 10:12:10,WAL009,,WAL017,transfer,423486.99,NGN,mobile_app,success
TXN0569,2026-06-05 06:33:05,WAL013,MER010,,payment,287.86,EUR,mobile_app,failed
TXN1526,2026-06-22 10:59:42,WAL044,,,wallet_funding,48738.13,NGN,web,success
TXN0424,2026-06-25 20:51:59,WAL022,,,wallet_funding,36972.52,NGN,ussd,success
TXN1199,2026-06-08 12:19:35,WAL022,,WAL005,transfer,41252.95,USD,ussd,success
TXN1783,2026-06-22 23:01:57,WAL040,,WAL013,transfer,31546.72,NGN,mobile_app,success
TXN2040,2026/06/07 17:02:25,WAL050,MER030,,payment,2088.19,NGN,web,success
TXN1358,2026-06-03 10:20:23,WAL044,,WAL013,transfer,15159.15,NGN,web,success
TXN1757,2026-06-23 19:57:26,WAL016,,WAL031,transfer,419979.21,NGN,web,success
TXN0662,2026-06-24 05:04:22,WAL031,MER024,,payment,816.38,USD,mobile_app,success
TXN0831,2026-06-28 00:45:16,WAL004,,,withdrawal,34007.93,NGN,mobile_app,pending
TXN1758,2026-06-01 06:09:33,WAL049,,WAL004,transfer,399318.26,NGN,mobile_app,success
TXN2038,2026/06/22 08:01:36,WAL019,MER029,,payment,19984.39,NGN,web,success
TXN1786,2026-06-21 23:06:34,WAL011,,WAL014,transfer,195.26,USD,mobile_app,success
TXN1790,2026-06-22 14:33:03,WAL020,MER010,,payment,409236.15,NGN,web,success
TXN1407,2026-06-16 11:54:13,WAL036,MER016,,payment,21884.74,NGN,mobile_app,failed
TXN0526,2026-06-17 14:21:26,WAL030,MER029,,payment,25866.34,USD,web,success
TXN0991,2026-06-22 05:05:52,WAL017,MER025,,payment,4912.4,NGN,web,failed
TXN0010,2026-06-18 22:10:04,WAL043,,WAL003,transfer,18550.25,NGN,pos,failed
TXN1207,2026-06-25 10:16:37,WAL016,MER025,,payment,40.76,USD,web,success
TXN1782,2026-06-20 23:47:32,WAL025,MER013,,payment,28995.9,NGN,mobile_app,success
TXN0882,2026-06-18 08:53:30,WAL014,MER013,,payment,36031.57,NGN,mobile_app,success
TXN0146,2026-06-23 22:26:59,WAL050,,,wallet_funding,311.52,USD,pos,success
TXN0947,2026-06-11 16:58:48,WAL008,,,wallet_funding,91.85,USD,mobile_app,success
TXN1659,2026-06-19 04:54:18,WAL018,MER003,,payment,25659.11,USD,mobile_app,success
TXN1044,2026-06-13 00:11:19,WAL048,,,wallet_funding,414478.8,NGN,web,success
TXN0409,2026-06-26 11:27:25,WAL042,,WAL046,transfer,4429146.16,NGN,ussd,success
TXN1712,2026-06-18 08:13:37,WAL048,,WAL003,transfer,198564.45,NGN,mobile_app,success
TXN1838,2026-06-26 14:56:35,WAL032,,,wallet_funding,43210.27,NGN,pos,success
TXN1431,2026-06-17 22:03:17,WAL005,MER009,,payment,10835.96,NGN,mobile_app,success
TXN2049,2026/06/30 13:21:38,WAL036,MER002,,payment,183933.69,NGN,web,success
TXN0743,2026-06-18 20:06:00,WAL013,MER004,,payment,228366.99,NGN,ussd,success
TXN1899,2026-06-01 18:12:47,WAL045,MER022,,payment,421188.07,NGN,mobile_app,success
TXN0166,2026-06-15 02:17:47,WAL022,,,wallet_funding,3370.01,USD,web,success
TXN1415,2026-06-11 10:28:10,WAL045,,WAL043,transfer,80.51,GBP,mobile_app,success
TXN0381,2026-06-20 15:23:30,WAL028,,WAL050,transfer,4172066.34,NGN,mobile_app,success
TXN0646,2026-06-02 14:33:11,WAL025,,,withdrawal,330.47,EUR,web,success
TXN2058,2026-06-26 00:28:14,WAL048,MER020,,payment,,NGN,mobile_app,success
TXN0224,2026-06-11 17:32:00,WAL030,MER015,,payment,4458712.63,NGN,pos,success
TXN0950,2026-06-14 12:25:35,WAL047,,WAL008,transfer,234994.17,NGN,web,success
TXN0365,2026-06-27 00:03:29,WAL026,,,wallet_funding,307410.89,NGN,ussd,success
TXN0003,2026-06-20 05:07:26,WAL010,,WAL043,transfer,37717.29,NGN,mobile_app,success
TXN0762,2026-06-29 01:38:38,WAL008,,WAL005,transfer,26787.65,NGN,mobile_app,success
TXN0238,2026-06-08 07:57:44,WAL001,MER023,,payment,32067.57,NGN,pos,pending
TXN0188,2026-06-17 01:55:19,WAL049,MER021,,payment,44988.97,NGN,pos,success
TXN1074,2026-06-21 17:38:55,WAL028,MER029,,payment,44010.01,NGN,mobile_app,pending
TXN1759,2026-06-21 20:39:49,WAL016,,WAL031,transfer,181718.54,NGN,mobile_app,failed
TXN0121,2026-06-04 18:42:59,WAL024,,WAL025,transfer,237962.86,NGN,mobile_app,success
TXN0135,2026-06-16 00:41:20,WAL040,MER023,,payment,3515.85,USD,web,success
TXN0987,2026-06-06 14:46:31,WAL034,,WAL031,transfer,37786.0,NGN,web,success
TXN1592,2026-06-16 20:31:43,WAL045,,,wallet_funding,28498.04,NGN,ussd,pending
TXN0765,2026-06-11 08:06:28,WAL048,,,withdrawal,469.21,USD,ussd,success
TXN0798,2026-06-16 07:38:02,WAL035,,,wallet_funding,345839.11,NGN,web,success
TXN1976,2026-06-08 21:54:51,WAL016,MER012,,payment,7886.16,NGN,web,success
TXN1215,2026-06-14 21:19:05,WAL017,MER022,,payment,413902.69,NGN,mobile_app,success
TXN0280,2026-06-09 03:58:39,WAL033,,WAL040,transfer,260.29,USD,ussd,success
TXN1166,2026-06-23 00:58:26,WAL047,MER030,,payment,148453.96,NGN,mobile_app,failed
TXN0493,2026-06-12 19:26:01,WAL025,,,withdrawal,29547.91,NGN,mobile_app,success
TXN0927,2026-06-28 13:59:25,WAL046,,,wallet_funding,123.36,GBP,mobile_app,failed
TXN2036,2026/06/01 06:22:08,WAL025,MER007,,payment,4116440.61,NGN,web,success
TXN0330,2026-06-17 02:17:01,WAL009,MER001,,payment,28907.27,NGN,web,success
TXN2071,2026-06-22 13:49:46,WAL002,MER025,,payment,276642.78,NGN,card,success
TXN1328,2026-06-25 08:19:11,WAL011,,WAL014,transfer,14138.51,NGN,mobile_app,success
TXN1194,2026-06-02 08:14:28,WAL040,MER020,,payment,78.89,USD,pos,success
TXN1724,2026-06-03 00:57:47,WAL010,MER026,,payment,4582881.13,NGN,web,success
TXN0230,2026-06-26 12:38:01,WAL016,MER028,,payment,368404.9,NGN,web,success
TXN1770,2026-06-11 15:00:19,WAL040,,WAL020,transfer,291.28,EUR,ussd,success
TXN0011,2026-06-18 08:52:40,WAL016,,WAL011,transfer,28214.23,NGN,pos,failed
TXN0574,2026-06-07 17:27:12,WAL043,,WAL010,transfer,1891.18,USD,web,success
TXN1729,2026-06-04 01:09:55,WAL034,,,wallet_funding,44276.21,NGN,ussd,failed
TXN1127,2026-06-25 10:27:31,WAL043,,,wallet_funding,145342.8,NGN,web,success
TXN1447,2026-06-28 17:32:32,WAL014,MER024,,payment,114168.85,NGN,web,success
TXN0364,2026-06-08 06:20:45,WAL011,,WAL022,transfer,950918.89,NGN,mobile_app,success
TXN1883,2026-06-13 04:10:11,WAL036,,,withdrawal,30477.08,NGN,web,success
TXN1882,2026-06-17 01:30:18,WAL003,,,withdrawal,42167.31,NGN,mobile_app,success
TXN1714,2026-06-29 19:19:34,WAL021,,WAL019,transfer,178000.9,NGN,mobile_app,success
TXN0433,2026-06-18 20:26:58,WAL043,,WAL050,transfer,483930.46,NGN,mobile_app,success
TXN0352,2026-06-22 01:52:48,WAL012,MER019,,payment,2341759.99,NGN,ussd,failed
TXN0355,2026-06-15 17:19:34,WAL021,MER030,,payment,31036.97,NGN,web,success
TXN0109,2026-06-21 23:10:21,WAL008,,WAL049,transfer,3469.06,NGN,pos,success
TXN1970,2026-06-22 06:44:16,WAL026,MER907,,payment,361994.13,NGN,pos,success
TXN0840,2026-06-26 01:21:52,WAL049,MER003,,payment,992.46,NGN,web,failed
TXN1687,2026-06-20 16:05:26,WAL019,,WAL045,transfer,25236.47,NGN,web,success
TXN0450,2026-06-19 02:43:42,WAL001,,WAL008,transfer,748.98,NGN,ussd,success
TXN0818,2026-06-24 03:53:05,WAL033,,WAL046,transfer,19251.36,GBP,ussd,success
,2026-06-17 09:40:15,WAL036,MER011,,payment,4519269.45,NGN,mobile_app,success
TXN1326,2026-06-01 19:25:37,WAL025,,,wallet_funding,357.56,USD,pos,success
TXN0037,2026-06-17 23:44:00,WAL017,,WAL002,transfer,3894.3,USD,pos,success
,2026-06-18 16:21:04,WAL016,MER014,,payment,16599.68,NGN,mobile_app,success
TXN1018,2026-06-25 19:51:22,WAL044,MER008,,payment,396.01,USD,mobile_app,failed
TXN0752,2026-06-09 14:04:03,WAL040,,WAL028,transfer,1239.48,USD,mobile_app,success
TXN1198,2026-06-25 19:08:58,WAL004,,WAL047,transfer,48380.28,NGN,mobile_app,pending
TXN0290,2026-06-25 00:23:04,WAL020,MER023,,payment,6964.42,NGN,web,success
TXN1835,2026-06-16 13:16:03,WAL016,MER018,,payment,44925.93,NGN,mobile_app,success
TXN0259,2026-06-15 03:33:42,WAL050,,WAL027,transfer,1573.86,EUR,mobile_app,success
TXN1036,2026-06-05 02:44:01,WAL037,,WAL017,transfer,24626.9,NGN,mobile_app,success
TXN0892,2026-06-03 15:25:07,WAL025,,WAL033,transfer,30198.25,NGN,mobile_app,success
TXN1282,2026-06-15 04:20:22,WAL048,MER004,,payment,184.99,USD,ussd,success
TXN1304,2026-06-22 05:50:32,WAL009,MER019,,payment,40256.1,NGN,ussd,success
TXN0996,2026-06-30 01:44:46,WAL024,MER029,,payment,398.77,EUR,web,success
TXN1290,2026-06-12 03:11:38,WAL021,,,wallet_funding,72.53,GBP,web,failed
TXN1484,2026-06-30 00:41:05,WAL048,MER004,,payment,289772.96,NGN,mobile_app,failed
TXN0710,2026-06-27 04:59:24,WAL012,,WAL025,transfer,46587.91,NGN,web,failed
TXN0216,2026-06-23 22:00:10,WAL003,MER013,,payment,32255.49,NGN,web,failed
TXN1780,2026-06-30 16:46:06,WAL009,MER017,,payment,37447.68,NGN,pos,success
TXN1830,2026-06-08 15:42:29,WAL016,,WAL006,transfer,22838.95,NGN,mobile_app,success
TXN0751,2026-06-02 12:48:53,WAL031,,,wallet_funding,42717.28,NGN,mobile_app,success
TXN0542,2026-06-18 18:50:00,WAL017,,WAL006,transfer,1439322.21,NGN,ussd,pending
TXN1414,2026-06-13 10:10:45,WAL021,,,wallet_funding,19429.11,NGN,ussd,success
TXN1346,2026-06-27 23:01:39,WAL027,MER017,,payment,27716.54,NGN,mobile_app,success
TXN1139,2026-06-18 13:03:30,WAL016,MER023,,payment,4142.01,NGN,pos,success
TXN1388,2026-06-09 04:50:42,WAL027,MER022,,payment,407999.1,NGN,mobile_app,success
TXN1640,2026-06-28 01:16:48,WAL050,MER008,,payment,47458.77,NGN,mobile_app,success
TXN0978,2026-06-04 02:52:16,WAL025,MER001,,payment,38146.41,NGN,mobile_app,success
TXN1210,2026-06-13 14:01:12,WAL010,,WAL002,transfer,29432.41,NGN,web,success
TXN1618,2026-06-15 04:43:42,WAL011,,,wallet_funding,275.71,USD,mobile_app,success
TXN1715,2026-06-08 15:22:38,WAL047,,,wallet_funding,11577.7,NGN,mobile_app,success
TXN0546,2026-06-21 03:43:30,WAL008,,,wallet_funding,366147.98,NGN,mobile_app,success
TXN1638,2026-06-06 15:15:14,WAL008,MER028,,payment,3223427.27,NGN,mobile_app,success
TXN1299,2026-06-05 01:26:28,WAL008,,WAL035,transfer,3170343.3,NGN,mobile_app,success
TXN0825,2026-06-24 16:26:47,WAL017,,WAL031,transfer,16134.58,NGN,mobile_app,pending
TXN1241,2026-06-03 18:32:52,WAL008,,WAL032,transfer,14347.78,EUR,pos,success
TXN0575,2026-06-21 21:03:40,WAL011,,WAL014,transfer,3856.8,NGN,ussd,success
TXN1446,2026-06-23 18:59:31,WAL019,MER025,,payment,30873.67,NGN,web,success
TXN1130,2026-06-21 03:10:47,WAL049,MER029,,payment,14.5,GBP,mobile_app,success
,2026-06-14 13:46:25,WAL039,MER022,,payment,29621.9,NGN,mobile_app,success
TXN0198,2026-06-07 15:56:04,WAL008,,WAL004,transfer,33656.78,NGN,ussd,success
TXN1250,2026-06-27 05:39:35,WAL003,,WAL025,transfer,22468.73,NGN,ussd,success
TXN1814,2026-06-19 22:14:38,WAL012,MER008,,payment,4398.36,USD,mobile_app,success
TXN0789,2026-06-11 21:32:33,WAL016,MER030,,payment,1078.21,GBP,ussd,success
TXN0608,2026-06-14 14:45:34,WAL002,MER004,,payment,8715.49,NGN,ussd,success
TXN1000,2026-06-14 17:45:55,WAL021,,WAL044,transfer,227198.21,NGN,mobile_app,success
TXN0283,2026-06-06 16:45:52,WAL018,MER021,,payment,4374.86,USD,ussd,success
TXN1234,2026-06-16 11:29:51,WAL050,,WAL006,transfer,20836.28,NGN,pos,success
TXN0596,2026-06-28 18:45:27,WAL040,MER013,,payment,46608.25,NGN,mobile_app,success
TXN0936,2026-06-21 03:34:17,WAL018,MER004,,payment,19540.92,NGN,web,success
TXN0997,2026-06-11 11:18:52,WAL035,MER030,,payment,325.98,EUR,mobile_app,success
TXN0944,2026-06-11 12:26:30,WAL003,,,wallet_funding,2863.92,NGN,ussd,success
TXN0242,2026-06-11 23:08:33,WAL022,,WAL029,transfer,4362.13,USD,web,success
TXN1739,2026-06-24 08:41:14,WAL048,,WAL039,transfer,55.09,USD,mobile_app,success
TXN1278,2026-06-02 17:31:08,WAL046,,WAL034,transfer,43669.68,NGN,mobile_app,success
TXN0688,2026-06-29 17:14:30,WAL034,,,wallet_funding,381280.75,NGN,mobile_app,success
TXN1765,2026-06-14 08:28:24,WAL032,,WAL049,transfer,122.87,GBP,mobile_app,success
TXN1563,2026-06-12 07:33:10,WAL016,MER017,,payment,26702.01,NGN,ussd,success
TXN1470,2026-06-25 00:10:16,WAL050,,,withdrawal,43325.78,NGN,mobile_app,success
TXN0286,2026-06-03 21:04:23,WAL020,,,wallet_funding,162355.51,NGN,web,pending
TXN1534,2026-06-13 03:19:13,WAL026,,,withdrawal,44979.55,NGN,ussd,pending
TXN0012,2026-06-12 11:49:08,WAL012,,,withdrawal,612.51,USD,web,success
TXN1134,2026-06-13 15:11:24,WAL040,MER005,,payment,1769.19,NGN,mobile_app,success
TXN1606,2026-06-16 21:24:02,WAL033,,,withdrawal,24838.27,NGN,ussd,success
TXN0620,2026-06-05 12:15:18,WAL050,MER008,,payment,369597.45,NGN,ussd,success
TXN1574,2026-06-08 06:02:41,WAL029,MER007,,payment,457413.13,NGN,mobile_app,failed
TXN0779,2026-06-13 09:43:05,WAL022,MER022,,payment,113.09,USD,pos,pending
TXN1629,2026-06-29 15:02:22,WAL034,,WAL019,transfer,489656.08,NGN,ussd,success
TXN1745,2026-06-19 02:02:15,WAL047,MER004,,payment,164.43,USD,ussd,success
TXN1962,2026-06-03 16:35:21,WAL023,MER008,,payment,318153.51,NGN,mobile_app,success
TXN1178,2026-06-12 01:58:27,WAL037,,WAL035,transfer,950.87,USD,web,success
TXN0735,2026-06-04 05:11:01,WAL022,,WAL013,transfer,4640.52,USD,mobile_app,pending
TXN1697,2026-06-28 11:50:46,WAL036,MER025,,payment,17605.92,EUR,web,success
TXN0272,2026-06-01 05:11:04,WAL016,MER006,,payment,782.47,USD,mobile_app,pending
TXN0179,2026-06-13 01:15:21,WAL012,,,wallet_funding,1084.21,EUR,mobile_app,failed
TXN1937,2026-06-05 08:41:02,WAL901,MER018,,payment,13488.32,NGN,ussd,success
TXN1848,2026-06-06 17:08:59,WAL033,,,wallet_funding,182.38,EUR,web,success
TXN0485,2026-06-23 21:32:01,WAL044,MER014,,payment,4461.97,NGN,mobile_app,success
TXN0048,2026-06-24 19:50:53,WAL032,,,wallet_funding,34743.46,NGN,mobile_app,success
TXN2030,2026-07-15 14:30:00,WAL017,MER011,,payment,2866.02,NGN,ussd,success
TXN0931,2026-06-20 22:41:16,WAL029,MER030,,payment,24173.43,NGN,mobile_app,failed
TXN1167,2026-06-25 22:13:44,WAL014,,,wallet_funding,8627.72,NGN,mobile_app,pending
TXN0159,2026-06-18 02:45:40,WAL045,,,withdrawal,4765569.76,NGN,mobile_app,success
TXN0929,2026-06-06 01:32:01,WAL049,,WAL028,transfer,269876.51,NGN,mobile_app,success
TXN0744,2026-06-07 23:02:07,WAL029,MER007,,payment,46301.87,NGN,pos,success
TXN1771,2026-06-26 01:44:36,WAL022,,WAL018,transfer,44298.03,NGN,mobile_app,success
TXN1873,2026-06-30 10:37:00,WAL032,MER030,,payment,443630.09,NGN,ussd,pending
TXN1639,2026-06-21 20:57:19,WAL002,,WAL032,transfer,167.61,GBP,mobile_app,success
TXN1477,2026-06-21 00:10:56,WAL002,,WAL019,transfer,411.0,USD,mobile_app,failed
TXN1682,2026-06-08 09:55:48,WAL039,,,withdrawal,42842.66,NGN,web,success
TXN0149,2026-06-26 00:27:22,WAL042,MER023,,payment,30933.07,NGN,mobile_app,success
TXN0994,2026-06-30 04:56:07,WAL043,MER029,,payment,23299.84,NGN,mobile_app,failed
TXN1084,2026-06-06 08:20:29,WAL004,,,withdrawal,400391.32,NGN,mobile_app,success
TXN0968,2026-06-24 17:17:08,WAL046,,WAL003,transfer,466933.51,NGN,web,success
TXN1628,2026-06-21 11:34:10,WAL026,,WAL046,transfer,17486.89,NGN,mobile_app,success
TXN1159,2026-06-22 03:36:24,WAL017,MER024,,payment,215996.42,NGN,pos,failed
TXN1066,2026-06-08 13:20:07,WAL032,MER006,,payment,452.06,USD,mobile_app,success
TXN1744,2026-06-23 05:26:15,WAL028,MER001,,payment,66371.73,NGN,mobile_app,success
TXN1143,2026-06-11 12:00:55,WAL027,MER009,,payment,11378.18,NGN,web,failed
TXN0888,2026-06-20 18:02:41,WAL020,MER002,,payment,26104.22,NGN,mobile_app,success
TXN1106,2026-06-28 14:37:20,WAL035,MER013,,payment,258.53,GBP,pos,success
TXN0480,2026-06-10 23:19:48,WAL050,,,wallet_funding,21590.54,NGN,ussd,success
TXN1082,2026-06-26 20:22:39,WAL039,,,wallet_funding,21381.12,NGN,ussd,success
TXN1401,2026-06-04 02:10:46,WAL010,,WAL040,transfer,29491.03,NGN,ussd,success
TXN0941,2026-06-13 03:58:36,WAL009,,WAL049,transfer,258911.03,NGN,ussd,success
TXN1594,2026-06-18 11:47:58,WAL026,MER022,,payment,271605.57,NGN,ussd,success
TXN0327,2026-06-22 22:51:09,WAL040,,WAL017,transfer,40292.89,NGN,mobile_app,success
TXN0830,2026-06-07 06:24:30,WAL013,MER007,,payment,21091.23,NGN,pos,success
TXN1157,2026-06-20 10:26:05,WAL006,,WAL048,transfer,19969.71,NGN,web,success
TXN1163,2026-06-24 10:23:37,WAL017,MER022,,payment,2089.19,USD,web,success
TXN1959,2026-06-25 04:20:55,WAL041,MER024,,payment,131208.03,NGN,mobile_app,success
TXN2076,2026-06-22 09:02:56,WAL036,MER013,,payment,N5000,NGN,mobile_app,success
TXN0289,2026-06-05 12:31:04,WAL033,,WAL016,transfer,408055.27,NGN,mobile_app,failed
TXN1538,2026-06-22 13:10:21,WAL028,MER024,,payment,109902.47,NGN,ussd,success
TXN1625,2026-06-10 03:25:18,WAL001,,,wallet_funding,2183.24,EUR,pos,success
TXN0415,2026-06-15 18:52:56,WAL036,,WAL033,transfer,17372.28,NGN,web,success
TXN1123,2026-06-20 22:08:07,WAL026,MER015,,payment,38371.52,NGN,mobile_app,success
TXN0860,2026-06-25 12:05:33,WAL046,MER023,,payment,43384.1,NGN,mobile_app,success
TXN1547,2026-06-09 12:08:37,WAL021,MER021,,payment,441.48,USD,mobile_app,success
TXN1454,2026-06-24 15:48:35,WAL040,MER015,,payment,393471.43,NGN,mobile_app,success
TXN1151,2026-06-01 12:42:02,WAL025,MER007,,payment,12016.11,NGN,mobile_app,success
TXN1511,2026-06-22 17:50:47,WAL014,MER011,,payment,19164.81,NGN,ussd,success
TXN1317,2026-06-26 08:09:26,WAL024,,WAL011,transfer,2879.52,GBP,pos,pending
TXN1071,2026-06-06 03:53:37,WAL039,,WAL032,transfer,141045.54,NGN,ussd,success
TXN1458,2026-06-08 08:49:34,WAL042,,,wallet_funding,213195.9,NGN,mobile_app,failed
TXN0962,2026-06-20 07:59:18,WAL028,MER028,,payment,36878.94,NGN,web,success
TXN1242,2026-06-28 19:07:49,WAL042,,,wallet_funding,2602996.66,NGN,pos,success
TXN1212,2026-06-12 11:40:44,WAL008,,,wallet_funding,390116.49,NGN,mobile_app,success
TXN0817,2026-06-30 07:46:21,WAL019,,,wallet_funding,789.43,NGN,mobile_app,success
TXN0206,2026-06-20 16:25:49,WAL031,,WAL018,transfer,133152.36,NGN,mobile_app,success
TXN0664,2026-06-05 09:38:04,WAL027,,WAL013,transfer,189.26,EUR,web,success
TXN1110,2026-06-23 14:47:12,WAL033,,WAL029,transfer,34.89,GBP,web,pending
TXN0916,2026-06-08 15:09:43,WAL027,MER002,,payment,182772.31,NGN,ussd,success
TXN0004,2026-06-05 20:29:11,WAL005,,WAL022,transfer,17775.94,NGN,mobile_app,success
TXN0578,2026-06-28 12:39:11,WAL045,MER018,,payment,211668.24,NGN,web,success
TXN2051,2026/06/24 22:10:55,WAL046,MER008,,payment,10333.86,NGN,web,success
TXN1787,2026-06-21 09:45:03,WAL008,MER006,,payment,21045.12,NGN,mobile_app,success
TXN0178,2026-06-12 17:38:42,WAL033,MER015,,payment,3004.96,NGN,pos,pending
TXN0613,2026-06-16 02:19:10,WAL003,,WAL049,transfer,23610.36,NGN,mobile_app,success
TXN0760,2026-06-25 09:46:04,WAL048,MER028,,payment,22081.56,NGN,ussd,pending
TXN0805,2026-06-01 06:45:49,WAL025,,,withdrawal,1962120.28,NGN,web,success
TXN0027,2026-06-07 11:21:04,WAL033,,WAL037,transfer,380.52,EUR,pos,success
TXN0442,2026-06-07 07:09:14,WAL027,MER030,,payment,37068.05,NGN,web,success
TXN0189,2026-06-24 00:56:15,WAL019,,,withdrawal,3099.78,USD,web,success
TXN0551,2026-06-02 01:17:02,WAL050,,,wallet_funding,175.49,GBP,ussd,success
TXN1808,2026-06-09 23:16:06,WAL010,MER004,,payment,6559.32,NGN,mobile_app,pending
TXN0799,2026-06-08 05:09:20,WAL004,MER017,,payment,35445.16,NGN,mobile_app,failed
TXN0887,2026-06-23 00:51:44,WAL001,,,withdrawal,733383.54,NGN,pos,success
TXN1973,2026-06-02 23:06:48,WAL014,MER910,,payment,48910.5,NGN,pos,success
TXN0095,2026-06-12 09:33:42,WAL039,MER025,,payment,384413.31,NGN,pos,success
TXN0041,2026-06-12 18:56:24,WAL008,,WAL003,transfer,412487.78,NGN,web,success
TXN0679,2026-06-27 04:49:21,WAL036,MER023,,payment,1744.64,USD,mobile_app,success
TXN0153,2026-06-23 13:19:29,WAL050,MER007,,payment,35944.23,NGN,pos,success
TXN0897,2026-06-16 22:22:24,WAL043,MER020,,payment,3843.45,NGN,web,success
TXN1725,2026-06-01 10:44:53,WAL046,MER018,,payment,17190.4,NGN,mobile_app,success
TXN1784,2026-06-08 14:51:53,WAL017,,WAL049,transfer,112.44,USD,mobile_app,success
TXN0675,2026-06-30 17:32:45,WAL028,,,wallet_funding,814.3,NGN,mobile_app,success
TXN1686,2026-06-27 17:09:51,WAL039,,WAL043,transfer,197.73,GBP,ussd,success
TXN0758,2026-06-23 08:59:54,WAL048,,,wallet_funding,169979.23,NGN,web,success
TXN1807,2026-06-23 07:57:59,WAL045,MER018,,payment,3203.23,EUR,pos,pending
TXN0374,2026-06-19 18:22:53,WAL004,MER009,,payment,4357000.49,NGN,ussd,success
TXN0828,2026-06-23 17:48:14,WAL010,,,wallet_funding,214.26,USD,pos,success
TXN0937,2026-06-20 02:31:13,WAL050,,,withdrawal,173200.05,NGN,ussd,success
TXN0035,2026-06-02 07:34:34,WAL006,,WAL025,transfer,2989.09,NGN,mobile_app,success
TXN0407,2026-06-28 14:52:01,WAL049,MER025,,payment,325111.68,NGN,web,pending
TXN0008,2026-06-03 11:11:06,WAL006,,WAL013,transfer,173.44,USD,mobile_app,failed
TXN0072,2026-06-14 09:51:05,WAL030,MER020,,payment,11.26,USD,web,pending
TXN0201,2026-06-03 20:55:45,WAL006,,WAL031,transfer,432650.05,NGN,mobile_app,failed
TXN1612,2026-06-28 08:12:40,WAL034,MER015,,payment,20178.18,NGN,mobile_app,success
TXN1544,2026-06-24 15:01:44,WAL024,,WAL005,transfer,317.76,USD,mobile_app,success
TXN1566,2026-06-10 01:55:36,WAL024,,,wallet_funding,41884.0,NGN,mobile_app,success
TXN0634,2026-06-07 02:16:31,WAL010,MER005,,payment,44301.99,NGN,web,failed
TXN1493,2026-06-02 01:45:57,WAL040,MER013,,payment,264482.42,NGN,web,success
TXN0400,2026-06-02 21:54:39,WAL040,MER004,,payment,1987716.94,NGN,mobile_app,success
TXN0284,2026-06-07 18:13:13,WAL016,,,wallet_funding,270.82,USD,ussd,success
TXN1128,2026-06-06 13:24:12,WAL014,,,wallet_funding,319.56,EUR,ussd,pending
TXN1740,2026-06-13 03:35:33,WAL002,,,withdrawal,3949177.9,NGN,pos,success
TXN0566,2026-06-03 02:39:36,WAL019,MER001,,payment,328084.53,NGN,mobile_app,success
TXN0989,2026-06-06 23:25:10,WAL048,MER020,,payment,90699.7,NGN,web,pending
TXN0098,2026-06-18 09:53:07,WAL004,MER022,,payment,42477.64,NGN,ussd,success
TXN1046,2026-06-10 07:54:10,WAL011,MER022,,payment,3022.29,NGN,mobile_app,success
TXN1208,2026-06-28 08:06:52,WAL025,MER003,,payment,237.64,GBP,web,failed
TXN0175,2026-06-28 18:35:17,WAL030,,WAL018,transfer,295510.32,NGN,ussd,success
TXN0500,2026-06-14 14:32:03,WAL029,MER018,,payment,40063.86,NGN,ussd,success
TXN1670,2026-06-22 13:27:09,WAL032,MER007,,payment,2327.12,GBP,mobile_app,success
TXN1645,2026-06-24 01:08:05,WAL034,MER005,,payment,31853.13,NGN,ussd,success
TXN2035,2026/06/29 22:34:37,WAL019,MER017,,payment,6464.57,NGN,web,success
TXN0482,2026-06-24 10:06:56,WAL013,MER025,,payment,15679.33,NGN,mobile_app,success
TXN1751,2026-06-05 20:39:04,WAL027,MER020,,payment,1546.6,EUR,mobile_app,success
TXN0592,2026-06-25 04:57:37,WAL039,,,wallet_funding,11235.26,NGN,web,success
TXN0191,2026-06-10 06:16:47,WAL002,MER017,,payment,10592.64,NGN,ussd,success
TXN2002,2026-06-17 23:45:02,WAL028,MER029,,payment,414709.26,KES,web,success
TXN0764,2026-06-23 00:02:58,WAL048,,,wallet_funding,35314.92,NGN,web,success
TXN0388,2026-06-04 22:09:07,WAL035,MER026,,payment,32.63,EUR,ussd,success
TXN0606,2026-06-27 01:36:45,WAL025,MER023,,payment,753.04,USD,ussd,success
TXN0172,2026-06-04 19:52:42,WAL019,MER022,,payment,253.76,EUR,ussd,success
TXN1122,2026-06-18 15:51:04,WAL002,MER015,,payment,106136.28,NGN,ussd,failed
TXN0023,2026-06-05 02:47:38,WAL021,,WAL017,transfer,41011.96,NGN,web,success
TXN0250,2026-06-27 20:20:08,WAL028,MER024,,payment,88563.27,NGN,ussd,success
TXN1452,2026-06-10 02:44:33,WAL046,,,wallet_funding,397.15,EUR,ussd,success
TXN0985,2026-06-05 21:02:21,WAL028,MER018,,payment,26242.69,NGN,ussd,pending
TXN2034,2026/06/26 15:18:25,WAL049,MER013,,payment,35318.68,NGN,web,success
TXN1223,2026-06-21 10:58:23,WAL019,MER026,,payment,69.23,GBP,web,success
TXN1294,2026-06-27 07:07:25,WAL044,,,withdrawal,19860.63,NGN,web,pending
TXN1041,2026-06-25 08:42:27,WAL028,MER023,,payment,854.92,EUR,mobile_app,success
TXN1753,2026-06-27 15:33:26,WAL042,,,wallet_funding,346055.21,NGN,mobile_app,success
TXN2013,2026-06-14 15:51:12,WAL037,MER022,,send,981679.44,NGN,mobile_app,success
TXN0235,2026-06-17 09:17:27,WAL019,,,wallet_funding,382817.6,NGN,ussd,success
TXN1473,2026-06-30 10:47:15,WAL042,MER028,,payment,222164.87,NGN,ussd,success
TXN0889,2026-06-14 11:48:55,WAL030,,WAL017,transfer,17067.94,NGN,pos,success
TXN1539,2026-06-10 06:29:25,WAL042,MER026,,payment,1971.35,GBP,pos,success
TXN1384,2026-06-01 08:01:10,WAL003,,WAL020,transfer,23775.36,NGN,mobile_app,success
TXN1070,2026-06-07 09:59:59,WAL018,,,wallet_funding,3198367.71,NGN,web,success
TXN1858,2026-06-17 06:07:04,WAL002,MER021,,payment,30797.35,NGN,mobile_app,success
TXN0034,2026-06-20 15:03:47,WAL012,,,wallet_funding,17421.8,GBP,pos,success
TXN0005,2026-06-08 15:47:18,WAL032,,,wallet_funding,493.74,USD,web,success
TXN0360,2026-06-28 17:49:43,WAL049,,,withdrawal,2520679.36,NGN,pos,success
TXN0472,2026-06-23 21:14:11,WAL034,MER023,,payment,399.36,USD,web,success
TXN0380,2026-06-30 03:05:22,WAL029,,WAL031,transfer,344930.6,NGN,pos,success
TXN1589,2026-06-08 03:59:01,WAL032,,WAL020,transfer,38043.85,NGN,mobile_app,success
TXN0240,2026-06-25 09:07:26,WAL050,,WAL014,transfer,982.47,USD,mobile_app,success
TXN2022,2026-07-15 14:30:00,WAL001,MER004,,payment,3440.22,NGN,ussd,success
TXN0249,2026-06-29 21:56:03,WAL029,,,withdrawal,39285.63,NGN,ussd,success
TXN1506,2026-06-16 03:06:59,WAL021,MER005,,payment,8785.57,NGN,mobile_app,success
TXN0344,2026-06-19 08:50:57,WAL022,,WAL043,transfer,589.0,NGN,web,success
TXN0435,2026-06-08 19:29:44,WAL043,,,wallet_funding,46905.98,NGN,mobile_app,failed
TXN1350,2026-06-30 02:05:01,WAL029,,,withdrawal,9804.54,NGN,mobile_app,success
TXN1575,2026-06-05 14:30:13,WAL002,MER030,,payment,1573.19,NGN,mobile_app,success
TXN0102,2026-06-29 14:03:48,WAL024,MER016,,payment,21337.55,NGN,mobile_app,success
TXN1437,2026-06-05 20:35:07,WAL026,MER024,,payment,47324.06,NGN,web,success
TXN2027,2026-07-15 14:30:00,WAL008,MER005,,payment,43487.41,NGN,ussd,success
TXN0354,2026-06-01 04:26:43,WAL031,MER022,,payment,245.36,USD,mobile_app,success
TXN1412,2026-06-18 04:21:44,WAL024,MER015,,payment,21147.62,NGN,web,success
TXN1161,2026-06-19 10:12:55,WAL020,,WAL044,transfer,44.77,GBP,mobile_app,success
TXN0322,2026-06-12 11:51:32,WAL021,MER009,,payment,365326.82,NGN,web,success
TXN0803,2026-06-05 13:52:24,WAL025,MER029,,payment,227377.02,NGN,ussd,failed
TXN0062,2026-06-30 00:45:47,WAL003,,,wallet_funding,22.67,USD,mobile_app,success
TXN1024,2026-06-07 03:13:47,WAL011,MER008,,payment,365.46,USD,pos,success
TXN1796,2026-06-22 11:22:20,WAL005,MER030,,payment,38126.91,NGN,ussd,success
TXN1324,2026-06-18 22:32:17,WAL002,,WAL010,transfer,1296.91,USD,web,success
TXN0231,2026-06-24 05:58:59,WAL018,,WAL034,transfer,127.27,USD,mobile_app,success
TXN1945,2026-06-23 00:27:04,WAL909,MER014,,payment,299210.34,NGN,ussd,success
TXN0212,2026-06-28 09:18:15,WAL009,MER018,,payment,28848.73,NGN,mobile_app,success
TXN1382,2026-06-02 11:59:21,WAL016,,WAL034,transfer,249644.49,NGN,mobile_app,success
TXN0488,2026-06-12 05:54:58,WAL045,MER026,,payment,514.22,NGN,mobile_app,failed
TXN2055,2026/06/03 09:12:37,WAL035,MER017,,payment,12787.97,NGN,web,success
TXN1068,2026-06-30 12:09:50,WAL014,MER018,,payment,45501.99,NGN,pos,success
TXN0334,2026-06-18 10:23:45,WAL034,,WAL024,transfer,276077.46,NGN,mobile_app,success
TXN1365,2026-06-12 19:59:31,WAL050,,,wallet_funding,38155.59,NGN,mobile_app,success
TXN1214,2026-06-16 14:10:39,WAL008,,WAL033,transfer,3082008.9,NGN,mobile_app,success
TXN1818,2026-06-23 14:33:34,WAL045,,,wallet_funding,66894.4,NGN,web,success
TXN1329,2026-06-01 03:45:24,WAL022,MER016,,payment,28624.58,NGN,web,success
TXN1889,2026-06-02 20:28:58,WAL047,,WAL027,transfer,32355.7,NGN,web,success
TXN1555,2026-06-02 23:08:03,WAL020,,WAL046,transfer,49.32,USD,ussd,success
TXN0271,2026-06-09 22:54:06,WAL013,,WAL029,transfer,30898.29,NGN,mobile_app,success
TXN0549,2026-06-27 11:42:02,WAL016,MER001,,payment,212004.49,NGN,ussd,failed
TXN1852,2026-06-08 03:32:59,WAL029,,WAL028,transfer,245366.07,NGN,mobile_app,success
TXN0518,2026-06-09 14:15:45,WAL043,,WAL022,transfer,28417.23,NGN,ussd,success
TXN1743,2026-06-29 11:09:08,WAL050,MER026,,payment,266.24,EUR,pos,success
TXN1107,2026-06-25 21:04:53,WAL045,,,withdrawal,277674.59,NGN,mobile_app,pending
TXN1226,2026-06-06 01:14:24,WAL003,MER008,,payment,24140.83,NGN,web,pending
TXN0184,2026-06-30 15:55:00,WAL009,MER005,,payment,49345.99,NGN,ussd,success
TXN0075,2026-06-19 12:09:59,WAL028,,,withdrawal,1185.32,USD,pos,success
TXN1524,2026-06-05 04:47:00,WAL040,,,wallet_funding,2266.91,NGN,ussd,success
TXN1811,2026-06-04 04:20:55,WAL011,,WAL024,transfer,8958.12,NGN,ussd,success
TXN0520,2026-06-26 09:42:27,WAL010,MER001,,payment,46143.38,NGN,pos,success
TXN1949,2026-06-11 13:08:16,WAL913,MER020,,payment,484979.13,NGN,ussd,success
TXN0921,2026-06-27 08:47:14,WAL019,MER020,,payment,402407.93,NGN,mobile_app,success
TXN1703,2026-06-29 15:08:34,WAL037,,WAL020,transfer,1604.59,USD,web,success
TXN1820,2026-06-16 07:05:15,WAL009,MER018,,payment,5557.7,NGN,mobile_app,success
TXN0982,2026-06-07 17:47:13,WAL002,,WAL046,transfer,212.79,GBP,web,success
TXN0273,2026-06-18 18:10:47,WAL024,MER014,,payment,270268.3,NGN,pos,success
TXN1186,2026-06-28 02:16:52,WAL048,MER029,,payment,15088.97,NGN,ussd,success
TXN1583,2026-06-25 19:18:43,WAL008,MER025,,payment,26697.16,NGN,ussd,pending
TXN1684,2026-06-18 19:48:30,WAL042,,,wallet_funding,35655.35,NGN,web,success
TXN0627,2026-06-15 22:53:15,WAL029,MER023,,payment,397104.75,NGN,mobile_app,success
TXN1467,2026-06-07 01:28:39,WAL039,,WAL020,transfer,48960.15,NGN,pos,success
TXN1773,2026-06-16 21:25:17,WAL050,,,wallet_funding,24310.45,NGN,mobile_app,success
TXN0318,2026-06-17 19:36:46,WAL046,,,wallet_funding,3040.47,GBP,web,pending
TXN1545,2026-06-05 03:54:21,WAL002,MER007,,payment,257.25,GBP,mobile_app,pending
TXN1081,2026-06-17 04:30:54,WAL010,,,wallet_funding,21223.65,NGN,ussd,success
TXN1201,2026-06-19 23:12:52,WAL004,,,withdrawal,9610.18,NGN,mobile_app,pending
TXN1631,2026-06-24 19:15:02,WAL002,MER008,,payment,713.5,EUR,mobile_app,success
TXN1769,2026-06-24 03:33:11,WAL028,MER014,,payment,7107.59,NGN,web,success
TXN1164,2026-06-10 23:52:50,WAL050,MER007,,payment,15.12,EUR,mobile_app,success
TXN1815,2026-06-18 21:58:17,WAL025,,WAL035,transfer,43340.67,NGN,web,success
TXN1746,2026-06-29 20:48:56,WAL037,,WAL025,transfer,24970.1,NGN,pos,success
,2026-06-21 08:44:02,WAL034,MER025,,payment,286036.63,NGN,mobile_app,success
TXN0524,2026-06-23 02:30:47,WAL045,MER001,,payment,167.12,USD,mobile_app,failed
TXN1354,2026-06-20 12:01:06,WAL031,,,wallet_funding,31888.8,NGN,ussd,success
TXN1050,2026-06-05 16:52:54,WAL048,MER026,,payment,199045.95,NGN,web,success
TXN1029,2026-06-07 01:16:34,WAL029,MER013,,payment,53281.61,NGN,mobile_app,success
TXN0935,2026-06-05 10:08:32,WAL021,,WAL013,transfer,254.37,GBP,web,success
TXN1590,2026-06-10 14:25:52,WAL044,MER019,,payment,47827.23,NGN,mobile_app,pending
TXN1560,2026-06-12 12:03:40,WAL006,,,wallet_funding,40445.82,NGN,pos,success
TXN1528,2026-06-03 17:44:36,WAL029,MER025,,payment,97.84,EUR,ussd,success
TXN1748,2026-06-02 21:22:01,WAL008,MER005,,payment,1116138.53,NGN,mobile_app,success
TXN1319,2026-06-02 05:28:17,WAL027,,,wallet_funding,217.8,USD,ussd,pending
TXN0494,2026-06-04 06:42:23,WAL028,,WAL039,transfer,1228.52,EUR,mobile_app,failed
TXN0657,2026-06-14 10:00:36,WAL031,,WAL004,transfer,165802.21,NGN,web,success
TXN1372,2026-06-22 22:02:04,WAL049,MER026,,payment,31401.12,NGN,ussd,success
TXN1718,2026-06-08 05:16:20,WAL011,MER025,,payment,116456.84,NGN,pos,success
TXN1315,2026-06-24 01:57:20,WAL001,MER011,,payment,158.39,GBP,mobile_app,success
TXN0032,2026-06-28 22:43:40,WAL028,MER019,,payment,162.09,EUR,pos,pending
TXN2028,2026-05-15 10:00:00,WAL025,MER024,,payment,4679.53,NGN,ussd,success
TXN1132,2026-06-20 02:14:54,WAL004,,,wallet_funding,31995.54,NGN,pos,success
TXN1674,2026-06-28 08:18:09,WAL018,,WAL002,transfer,59846.67,NGN,ussd,success
TXN0446,2026-06-19 21:48:09,WAL049,MER030,,payment,78457.85,NGN,web,success
TXN1269,2026-06-29 03:32:55,WAL036,,,wallet_funding,16269.63,NGN,mobile_app,success
TXN1235,2026-06-10 21:09:31,WAL010,,,wallet_funding,27871.8,NGN,mobile_app,success
TXN2026,2026-05-15 10:00:00,WAL037,MER004,,payment,351587.84,NGN,ussd,success
TXN0136,2026-06-26 13:17:33,WAL006,,WAL036,transfer,18448.58,NGN,mobile_app,success
TXN0741,2026-06-14 23:51:37,WAL040,,WAL050,transfer,19546.67,NGN,ussd,success
TXN1096,2026-06-05 03:04:40,WAL042,,WAL001,transfer,70557.23,NGN,mobile_app,failed
TXN0431,2026-06-03 06:44:07,WAL028,MER009,,payment,15256.23,EUR,ussd,success
TXN1089,2026-06-01 15:23:24,WAL021,MER014,,payment,30406.59,NGN,mobile_app,success
TXN1556,2026-06-01 12:26:26,WAL042,MER024,,payment,221008.24,NGN,mobile_app,success
TXN0876,2026-06-28 00:20:42,WAL020,,,wallet_funding,40201.8,NGN,pos,failed
TXN1690,2026-06-15 15:49:22,WAL029,MER016,,payment,22231.79,NGN,ussd,success
TXN0536,2026-06-15 07:22:02,WAL039,,WAL045,transfer,17709.4,NGN,web,success
TXN2077,2026-06-22 05:55:11,WAL001,MER019,,payment,five hundred,NGN,mobile_app,success
TXN2019,2026-07-15 14:30:00,WAL043,MER023,,payment,206615.11,NGN,ussd,success
TXN1421,2026-06-22 15:26:30,WAL016,MER009,,payment,16984.1,NGN,web,success
TXN0521,2026-06-21 21:29:36,WAL021,,WAL018,transfer,102.4,USD,pos,success
TXN0572,2026-06-11 22:49:22,WAL011,MER030,,payment,36629.54,NGN,ussd,success
TXN0353,2026-06-13 21:03:21,WAL048,MER013,,payment,28802.61,NGN,web,success
TXN0708,2026-06-09 12:18:30,WAL050,,,withdrawal,67.29,USD,pos,success
TXN1562,2026-06-03 17:26:19,WAL010,MER028,,payment,54.93,USD,pos,success
TXN1462,2026-06-01 00:24:43,WAL005,MER002,,payment,46191.08,NGN,ussd,failed
TXN1054,2026-06-10 07:21:16,WAL030,,WAL027,transfer,434047.38,NGN,pos,failed
TXN0587,2026-06-16 16:51:33,WAL032,MER011,,payment,453107.81,NGN,pos,success
TXN1035,2026-06-15 11:36:13,WAL026,MER007,,payment,230931.24,NGN,mobile_app,success
TXN1587,2026-06-15 08:25:18,WAL004,,WAL001,transfer,177106.03,NGN,web,success
TXN0903,2026-06-17 07:04:22,WAL045,MER001,,payment,43867.22,NGN,pos,success
TXN1584,2026-06-13 21:55:15,WAL005,MER002,,payment,1743.67,USD,mobile_app,pending
TXN0142,2026-06-30 08:29:02,WAL010,,,wallet_funding,18875.0,NGN,pos,success
TXN1732,2026-06-04 16:40:10,WAL020,,WAL047,transfer,3442.26,GBP,web,success
TXN2062,2026-06-13 19:42:53,WAL012,MER015,,payment,,NGN,mobile_app,success
TXN1300,2026-06-26 09:48:42,WAL042,,,wallet_funding,20887.0,NGN,web,pending
TXN1847,2026-06-28 09:00:31,WAL040,,,withdrawal,1636.55,NGN,ussd,success
TXN0074,2026-06-10 03:47:45,WAL050,MER028,,payment,234849.38,NGN,mobile_app,success
TXN0025,2026-06-28 22:42:18,WAL014,,WAL008,transfer,7804.78,NGN,web,pending
TXN1513,2026-06-03 00:30:19,WAL014,,,withdrawal,45063.68,NGN,ussd,success
TXN1450,2026-06-08 01:11:41,WAL043,,WAL013,transfer,2459.58,GBP,ussd,success
TXN2066,2026-06-09 07:50:41,WAL008,MER003,,payment,42130.86,NGN,atm,success
TXN0470,2026-06-07 12:57:53,WAL046,,WAL029,transfer,58.24,GBP,pos,success
TXN1279,2026-06-08 08:25:56,WAL035,,,wallet_funding,107.3,USD,pos,failed
TXN0547,2026-06-09 18:10:37,WAL040,MER011,,payment,49922.46,NGN,mobile_app,success
TXN1878,2026-06-20 02:17:37,WAL049,,,wallet_funding,292584.0,NGN,mobile_app,success
TXN1599,2026-06-29 15:00:49,WAL003,MER029,,payment,35240.3,NGN,ussd,success
TXN1117,2026-06-18 05:14:47,WAL050,,WAL043,transfer,447.95,USD,mobile_app,success
TXN0666,2026-06-24 14:49:03,WAL006,,,wallet_funding,2267.07,NGN,mobile_app,failed
TXN0471,2026-06-30 02:18:07,WAL042,,WAL045,transfer,2517.7,GBP,pos,success
TXN1664,2026-06-21 13:08:17,WAL016,MER010,,payment,6015.89,NGN,pos,success
TXN0792,2026-06-07 11:11:41,WAL024,,,withdrawal,19483.03,NGN,mobile_app,success
TXN0068,2026-06-22 11:00:54,WAL004,MER022,,payment,247152.8,NGN,web,success
TXN0399,2026-06-25 03:54:28,WAL014,,WAL012,transfer,4879.07,USD,mobile_app,success
TXN1536,2026-06-02 00:23:36,WAL031,,,wallet_funding,35678.95,NGN,ussd,success
TXN0674,2026-06-07 20:33:10,WAL030,MER028,,payment,12560.41,NGN,ussd,success
TXN0523,2026-06-14 04:44:44,WAL021,,WAL009,transfer,9806.03,NGN,mobile_app,success
TXN1839,2026-06-26 15:52:22,WAL010,MER013,,payment,30918.17,NGN,mobile_app,success
TXN0506,2026-06-21 11:06:25,WAL035,MER009,,payment,164.85,GBP,mobile_app,success
TXN0793,2026-06-04 13:06:57,WAL008,,WAL049,transfer,2619196.43,NGN,mobile_app,success
TXN1243,2026-06-01 17:41:23,WAL020,,,wallet_funding,107.47,EUR,ussd,success
TXN1610,2026-06-10 22:27:11,WAL009,,,withdrawal,637.62,USD,pos,success
TXN0125,2026-06-08 02:37:11,WAL019,MER017,,payment,344979.4,NGN,mobile_app,success
TXN1969,2026-06-23 14:27:56,WAL037,MER906,,payment,43249.34,NGN,pos,success
TXN1342,2026-06-06 05:39:37,WAL030,MER010,,payment,29857.26,NGN,mobile_app,success
TXN0026,2026-06-21 15:19:52,WAL017,MER016,,payment,29.59,EUR,mobile_app,pending
TXN1463,2026-06-20 22:07:19,WAL010,MER028,,payment,4131.64,USD,pos,success
TXN0725,2026-06-08 02:15:43,WAL024,MER013,,payment,3117.97,NGN,mobile_app,success
TXN0973,2026-06-05 07:32:42,WAL008,,WAL030,transfer,79.93,USD,web,failed
TXN0150,2026-06-05 03:44:50,WAL037,,,withdrawal,25612.72,NGN,pos,success
TXN1478,2026-06-14 10:18:00,WAL032,,,wallet_funding,335663.66,NGN,web,success
TXN1404,2026-06-10 10:57:25,WAL043,,,wallet_funding,524.51,NGN,web,success
TXN0778,2026-06-06 22:12:10,WAL039,,,wallet_funding,273.84,GBP,mobile_app,failed
TXN1104,2026-06-23 01:53:22,WAL024,MER024,,payment,29037.33,NGN,mobile_app,success
TXN1137,2026-06-19 08:31:35,WAL019,,WAL008,transfer,3323471.41,NGN,ussd,success
TXN0393,2026-06-29 22:49:16,WAL037,MER007,,payment,12254.44,GBP,pos,success
TXN0063,2026-06-28 22:09:19,WAL043,,,withdrawal,1370.97,EUR,mobile_app,success
TXN0348,2026-06-19 17:38:57,WAL032,,WAL008,transfer,2175.6,EUR,mobile_app,success
TXN1003,2026-06-09 03:59:38,WAL004,MER020,,payment,30.46,EUR,pos,success
TXN0341,2026-06-08 04:05:49,WAL043,,WAL049,transfer,26551.6,NGN,mobile_app,success
TXN1390,2026-06-22 20:43:34,WAL050,MER013,,payment,7431.04,NGN,ussd,success
TXN2018,2026-07-01 00:00:01,WAL031,MER028,,payment,3711.68,NGN,ussd,success
TXN1322,2026-06-24 05:45:59,WAL029,MER030,,payment,31450.89,NGN,pos,pending
TXN0602,2026-06-06 17:23:36,WAL016,,,wallet_funding,140.18,EUR,ussd,success
TXN1361,2026-06-23 05:38:40,WAL050,,WAL003,transfer,2817.19,GBP,web,success
TXN1974,2026-06-12 11:17:40,WAL028,MER911,,payment,40826.3,NGN,pos,success
TXN0423,2026-06-13 01:13:08,WAL020,MER025,,payment,40337.44,NGN,mobile_app,success
TXN2017,2026-07-15 14:30:00,WAL035,MER020,,payment,337927.77,NGN,ussd,success
TXN0898,2026-06-07 02:46:45,WAL046,,WAL003,transfer,31232.12,NGN,mobile_app,success
TXN0924,2026-06-10 02:51:25,WAL031,,,wallet_funding,22773.61,NGN,ussd,success
TXN0174,2026-06-28 08:39:45,WAL003,,,wallet_funding,32251.96,NGN,ussd,success
TXN1272,2026-06-14 12:37:33,WAL011,MER019,,payment,8858.19,NGN,ussd,success
TXN1704,2026-06-16 22:19:36,WAL036,MER009,,payment,5847.27,EUR,ussd,success
TXN1007,2026-06-28 19:34:20,WAL042,MER024,,payment,29847.51,NGN,mobile_app,failed
TXN1260,2026-06-07 01:57:47,WAL039,MER011,,payment,2098.27,GBP,ussd,success
TXN1677,2026-06-18 16:45:25,WAL004,,,wallet_funding,91570.46,NGN,web,success
TXN1510,2026-06-16 13:28:16,WAL037,,WAL010,transfer,380.89,USD,ussd,success
TXN0917,2026-06-23 14:03:32,WAL036,,WAL028,transfer,20743.16,NGN,web,success
TXN1461,2026-06-15 09:26:36,WAL028,,,withdrawal,2085.35,EUR,mobile_app,failed
TXN0316,2026-06-27 20:23:53,WAL033,MER020,,payment,15543.51,NGN,ussd,success
TXN0397,2026-06-24 00:42:42,WAL050,MER009,,payment,15405.26,NGN,web,success
TXN0287,2026-06-20 01:31:46,WAL035,MER026,,payment,19071.03,NGN,mobile_app,success
TXN0229,2026-06-30 06:27:18,WAL003,,,wallet_funding,375937.63,NGN,ussd,success
TXN0158,2026-06-16 22:03:15,WAL048,MER025,,payment,124990.98,NGN,mobile_app,success
TXN0404,2026-06-07 17:14:28,WAL048,,WAL027,transfer,479790.17,NGN,mobile_app,success
TXN0299,2026-06-18 01:34:07,WAL031,MER021,,payment,4670.31,NGN,ussd,success
TXN0694,2026-06-23 12:56:37,WAL046,MER026,,payment,34692.16,NGN,ussd,success
TXN0957,2026-06-02 03:36:17,WAL017,,,wallet_funding,27195.93,NGN,pos,success
TXN1336,2026-06-11 01:41:35,WAL025,,WAL019,transfer,407432.97,NGN,mobile_app,success
TXN0585,2026-06-14 21:06:52,WAL033,MER022,,payment,360479.14,NGN,pos,success
TXN0753,2026-06-24 15:55:34,WAL009,,WAL013,transfer,27199.92,NGN,ussd,success
TXN1337,2026-06-11 14:17:07,WAL033,MER011,,payment,193.02,GBP,ussd,success
TXN0626,2026-06-04 18:45:12,WAL042,,,wallet_funding,16606.22,NGN,mobile_app,success
TXN2010,2026-06-12 04:54:33,WAL040,MER017,,topup,8734.42,NGN,mobile_app,success
TXN1995,2026-06-15 15:13:56,WAL008,MER005,,payment,-5000,NGN,mobile_app,success
TXN1385,2026-06-27 02:02:53,WAL009,,WAL004,transfer,3716439.25,NGN,mobile_app,pending
TXN1870,2026-06-13 03:25:04,WAL008,MER018,,payment,457269.35,NGN,web,success
TXN1708,2026-06-17 04:53:19,WAL027,MER014,,payment,271337.86,NGN,pos,success
TXN0550,2026-06-02 16:23:06,WAL021,,WAL025,transfer,1858288.14,NGN,mobile_app,success
TXN0742,2026-06-22 13:14:45,WAL017,,WAL035,transfer,134954.05,NGN,mobile_app,pending
TXN0519,2026-06-17 20:28:49,WAL034,,WAL001,transfer,189.23,USD,mobile_app,success
TXN0665,2026-06-27 22:00:38,WAL003,,,withdrawal,19810.18,NGN,mobile_app,success
TXN1032,2026-06-18 03:36:52,WAL004,MER019,,payment,6105.06,NGN,pos,success
,2026-06-14 18:16:36,WAL006,MER002,,payment,129796.96,NGN,mobile_app,success
TXN1633,2026-06-22 21:41:05,WAL016,,WAL037,transfer,317043.49,NGN,web,success
TXN1142,2026-06-01 05:50:32,WAL012,,WAL011,transfer,30502.48,NGN,ussd,success
TXN1376,2026-06-16 10:14:05,WAL036,,WAL032,transfer,272675.45,NGN,ussd,pending
TXN0253,2026-06-20 19:24:21,WAL008,MER010,,payment,30103.17,NGN,mobile_app,success
TXN1579,2026-06-30 16:35:48,WAL009,,WAL043,transfer,18981.06,NGN,web,success
TXN0635,2026-06-05 02:38:24,WAL010,,WAL014,transfer,39551.96,NGN,ussd,success
TXN1627,2026-06-01 18:53:51,WAL002,MER004,,payment,356217.0,NGN,mobile_app,success
TXN1053,2026-06-04 15:14:27,WAL039,,WAL010,transfer,38168.91,NGN,ussd,success
TXN1810,2026-06-25 04:43:59,WAL018,,WAL011,transfer,287745.06,NGN,mobile_app,success
TXN0755,2026-06-03 23:33:50,WAL002,,WAL047,transfer,40572.89,NGN,ussd,success
TXN0346,2026-06-17 01:50:21,WAL005,MER022,,payment,355.27,EUR,mobile_app,success
TXN1302,2026-06-27 11:39:25,WAL035,MER025,,payment,35588.97,NGN,ussd,pending
TXN0718,2026-06-21 13:48:01,WAL030,MER011,,payment,10785.3,NGN,ussd,pending
TXN1135,2026-06-02 08:24:38,WAL045,,WAL033,transfer,120.9,GBP,web,success
TXN0945,2026-06-05 23:45:46,WAL028,,WAL018,transfer,2908.9,NGN,mobile_app,success
TXN0099,2026-06-29 23:43:31,WAL002,MER019,,payment,4041401.66,NGN,mobile_app,pending
TXN1957,2026-06-24 22:30:18,WAL015,MER006,,payment,180429.97,NGN,mobile_app,success
TXN1981,2026-06-30 13:11:01,WAL009,MER012,,payment,31847.89,NGN,web,success
TXN1495,2026-06-20 05:39:36,WAL016,,WAL037,transfer,187098.18,NGN,mobile_app,success
TXN1586,2026-06-24 12:42:49,WAL024,,WAL009,transfer,340629.06,NGN,pos,success
TXN1798,2026-06-05 01:26:25,WAL024,MER028,,payment,49.72,USD,web,success
TXN0709,2026-06-22 09:40:20,WAL019,MER016,,payment,349499.31,NGN,pos,success
TXN0881,2026-06-01 09:49:23,WAL009,MER024,,payment,96.39,EUR,mobile_app,success
TXN1954,2026-06-09 02:03:39,WAL023,MER022,,payment,48225.5,NGN,mobile_app,success
TXN0701,2026-06-18 20:55:15,WAL049,,,withdrawal,7954.18,USD,pos,success
TXN0981,2026-06-20 08:15:09,WAL028,,WAL030,transfer,3302.77,EUR,mobile_app,pending
TXN1507,2026-06-30 18:25:12,WAL025,,,withdrawal,122.77,GBP,mobile_app,success
TXN1636,2026-06-17 02:07:37,WAL031,MER026,,payment,139606.19,NGN,ussd,success
TXN1598,2026-06-20 05:09:02,WAL002,,WAL016,transfer,35879.74,NGN,mobile_app,success
TXN1083,2026-06-11 15:32:33,WAL050,MER005,,payment,42604.46,NGN,mobile_app,success
TXN0418,2026-06-08 23:15:17,WAL035,MER030,,payment,982.22,USD,ussd,success
TXN2023,2026-05-15 10:00:00,WAL036,MER004,,payment,1818.95,NGN,ussd,success
TXN0338,2026-06-18 10:00:45,WAL043,MER028,,payment,30362.73,USD,ussd,success
TXN0228,2026-06-04 20:07:25,WAL032,,,wallet_funding,135717.54,NGN,mobile_app,success
TXN1496,2026-06-20 18:21:17,WAL011,,,wallet_funding,346.47,EUR,pos,success
TXN0302,2026-06-04 10:44:05,WAL037,,,wallet_funding,16165.4,NGN,mobile_app,pending
TXN0156,2026-06-22 05:05:06,WAL029,,WAL039,transfer,292.38,GBP,ussd,success
TXN1662,2026-06-21 18:18:54,WAL046,,,withdrawal,19650.79,NGN,mobile_app,success
TXN1308,2026-06-08 23:21:04,WAL037,,WAL001,transfer,9371.68,NGN,ussd,failed
TXN0337,2026-06-28 22:43:47,WAL028,MER024,,payment,1293.28,USD,ussd,success
TXN0539,2026-06-27 03:55:47,WAL028,MER011,,payment,119360.03,NGN,mobile_app,success
TXN0837,2026-06-18 15:47:03,WAL025,,,wallet_funding,48497.02,NGN,web,success
TXN1472,2026-06-12 18:49:03,WAL043,MER019,,payment,96785.35,NGN,web,success
TXN1834,2026-06-18 12:58:14,WAL028,MER003,,payment,393231.52,NGN,mobile_app,success
TXN0914,2026-06-16 14:57:04,WAL027,,WAL044,transfer,2631912.23,NGN,ussd,success
TXN0560,2026-06-12 22:53:49,WAL018,MER015,,payment,462.83,USD,mobile_app,success
TXN0028,2026-06-21 17:11:20,WAL040,MER009,,payment,252531.94,NGN,web,pending
TXN1987,2026-06-03 00:45:36,WAL045,MER025,,payment,-500,NGN,mobile_app,success
TXN0734,2026-06-21 22:26:23,WAL003,MER002,,payment,316929.68,NGN,ussd,pending
TXN1220,2026-06-02 02:15:50,WAL017,,,wallet_funding,225692.49,NGN,mobile_app,pending
TXN1184,2026-06-10 06:01:59,WAL003,,WAL027,transfer,1054.2,USD,web,success
TXN0355,2026-06-15 03:59:05,WAL006,MER022,,payment,261925.53,NGN,pos,success
TXN0163,2026-06-06 12:10:37,WAL002,,WAL033,transfer,28302.8,NGN,mobile_app,success
TXN0402,2026-06-12 05:19:16,WAL033,,,withdrawal,5440.54,NGN,mobile_app,success
TXN0262,2026-06-07 18:09:19,WAL046,MER021,,payment,21444.83,NGN,mobile_app,success
TXN1145,2026-06-25 21:17:17,WAL029,,,withdrawal,42378.77,NGN,web,failed
TXN2068,2026-06-27 11:50:31,WAL006,MER008,,payment,35239.94,NGN,agent,success
TXN1457,2026-06-25 19:14:49,WAL014,MER026,,payment,139405.51,NGN,web,success
TXN0986,2026-06-02 12:59:11,WAL010,MER016,,payment,498337.14,NGN,pos,success
TXN0812,2026-06-26 11:17:38,WAL006,MER010,,payment,264925.64,NGN,mobile_app,success
TXN1058,2026-06-20 11:01:22,WAL044,MER028,,payment,11281.48,NGN,web,pending
TXN1206,2026-06-03 01:40:10,WAL026,,,withdrawal,174607.54,NGN,pos,success
TXN1756,2026-06-28 05:50:03,WAL018,MER001,,payment,28666.25,NGN,web,success
,2026-06-19 14:08:54,WAL045,MER018,,payment,1049062.53,NGN,mobile_app,success
TXN0031,2026-06-21 04:24:43,WAL004,MER026,,payment,312836.15,NGN,web,pending
TXN1100,2026-06-12 05:47:55,WAL016,,,wallet_funding,122472.0,NGN,pos,success
TXN2075,2026-06-18 06:49:45,WAL037,MER018,,payment,154912.79,NGN,nfc,success
TXN0013,2026-06-20 23:40:50,WAL048,,,wallet_funding,395.81,USD,mobile_app,pending
TXN0123,2026-06-26 10:27:38,WAL006,MER004,,payment,16986.9,NGN,mobile_app,success
TXN0796,2026-06-26 17:59:18,WAL031,MER025,,payment,6829.64,NGN,pos,pending
TXN1310,2026-06-04 05:47:42,WAL026,,WAL032,transfer,14.1,GBP,mobile_app,success
TXN1822,2026-06-07 12:56:41,WAL029,,WAL006,transfer,168.59,EUR,mobile_app,success
TXN1093,2026-06-23 17:46:03,WAL034,MER007,,payment,124171.8,NGN,web,success
TXN0515,2026-06-26 10:29:03,WAL006,MER025,,payment,46613.68,NGN,mobile_app,success
TXN1031,2026-06-09 04:21:15,WAL049,,,withdrawal,1287.49,USD,mobile_app,success
TXN1728,2026-06-29 16:32:09,WAL040,MER028,,payment,120.95,EUR,mobile_app,success
TXN0190,2026-06-09 06:39:39,WAL037,,WAL009,transfer,116499.92,NGN,web,success
TXN1733,2026-06-15 20:45:13,WAL044,,WAL018,transfer,26937.46,NGN,ussd,success
TXN1736,2026-06-21 16:50:58,WAL016,,WAL047,transfer,179951.04,NGN,pos,success
TXN0576,2026-06-16 10:01:40,WAL011,,WAL047,transfer,2363.77,USD,mobile_app,success
TXN2042,2026/06/17 00:51:51,WAL046,MER020,,payment,3856.66,NGN,web,success
TXN0162,2026-06-22 20:11:52,WAL027,MER008,,payment,269.44,USD,mobile_app,success
TXN0213,2026-06-22 10:46:53,WAL009,,WAL011,transfer,450.46,USD,mobile_app,success
TXN0057,2026-06-05 19:36:55,WAL016,,WAL031,transfer,12373.33,NGN,ussd,success
TXN0800,2026-06-02 23:31:32,WAL032,MER004,,payment,251.56,USD,web,pending
TXN0138,2026-06-26 13:27:13,WAL003,,WAL046,transfer,183.2,GBP,mobile_app,success
TXN1256,2026-06-27 03:56:33,WAL009,,,wallet_funding,23880.29,NGN,ussd,success
TXN0648,2026-06-13 20:02:35,WAL009,MER008,,payment,24075.18,NGN,pos,failed
TXN1565,2026-06-09 12:52:52,WAL014,MER007,,payment,64.91,GBP,mobile_app,success
TXN0276,2026-06-19 20:35:33,WAL030,,WAL013,transfer,24590.18,NGN,ussd,pending
TXN0822,2026-06-22 14:46:20,WAL035,MER002,,payment,68.39,GBP,ussd,pending
TXN1685,2026-06-30 10:03:13,WAL003,MER014,,payment,23308.25,NGN,web,success
TXN0971,2026-06-20 07:18:55,WAL043,,,withdrawal,444202.9,NGN,mobile_app,success
TXN1345,2026-06-10 17:29:25,WAL013,MER023,,payment,10564.44,NGN,mobile_app,success
TXN1422,2026-06-30 07:15:52,WAL002,MER002,,payment,40400.21,NGN,web,pending
TXN0980,2026-06-23 23:21:17,WAL025,,WAL028,transfer,204385.51,NGN,mobile_app,success
TXN0877,2026-06-13 16:30:25,WAL032,MER024,,payment,10925.88,NGN,pos,success
TXN0926,2026-06-20 13:57:31,WAL050,,WAL025,transfer,39375.21,NGN,pos,success
TXN1561,2026-06-08 14:02:13,WAL043,,WAL009,transfer,263.29,GBP,web,success
TXN0371,2026-06-10 08:35:08,WAL014,,,wallet_funding,45942.54,NGN,web,success
TXN0603,2026-06-01 13:09:44,WAL046,MER001,,payment,188498.34,NGN,ussd,success
TXN0312,2026-06-25 16:49:26,WAL001,MER030,,payment,146.81,GBP,mobile_app,success
TXN0359,2026-06-28 19:15:37,WAL018,MER028,,payment,371437.85,NGN,ussd,pending
TXN0243,2026-06-19 07:26:03,WAL040,MER011,,payment,87209.67,NGN,web,success
,2026-06-09 00:01:23,WAL004,MER007,,payment,35381.96,NGN,mobile_app,success
TXN0329,2026-06-04 15:21:59,WAL002,,,withdrawal,40560.28,NGN,mobile_app,pending
TXN0872,2026-06-25 07:02:45,WAL016,,,wallet_funding,8825.32,NGN,mobile_app,failed
TXN1383,2026-06-25 06:47:33,WAL047,MER003,,payment,46047.71,NGN,mobile_app,success
TXN1761,2026-06-06 13:31:52,WAL029,,WAL049,transfer,3095.2,USD,web,success
TXN0019,2026-06-10 13:33:45,WAL027,MER010,,payment,2643.74,EUR,web,success
TXN0110,2026-06-06 22:24:35,WAL030,MER021,,payment,440641.6,NGN,web,failed
TXN0469,2026-06-24 05:51:34,WAL034,MER006,,payment,60101.69,NGN,mobile_app,success
TXN0711,2026-06-08 13:48:54,WAL001,,,withdrawal,32538.58,NGN,mobile_app,pending
TXN1246,2026-06-18 09:56:36,WAL034,,WAL042,transfer,29188.73,NGN,mobile_app,pending
TXN1237,2026-06-02 15:19:43,WAL020,MER017,,payment,88022.9,NGN,mobile_app,success
TXN0685,2026-06-18 09:47:16,WAL020,MER016,,payment,76844.21,NGN,mobile_app,pending
TXN1296,2026-06-19 06:44:54,WAL021,MER018,,payment,14288.62,NGN,mobile_app,success
TXN0813,2026-06-13 01:42:08,WAL037,MER015,,payment,45906.45,NGN,ussd,success
TXN0223,2026-06-28 23:13:01,WAL024,,WAL039,transfer,1566.83,USD,pos,failed
TXN0111,2026-06-16 04:01:45,WAL026,MER019,,payment,24368.38,NGN,web,success
TXN1866,2026-06-08 23:23:30,WAL049,MER018,,payment,6074.69,NGN,web,success
TXN1888,2026-06-28 21:26:57,WAL031,,WAL036,transfer,418.7,USD,mobile_app,success
TXN0690,2026-06-02 22:40:18,WAL034,,WAL008,transfer,20018.85,NGN,web,success
TXN0858,2026-06-11 11:10:14,WAL013,,,wallet_funding,17758.12,NGN,pos,success
TXN1578,2026-06-24 23:49:17,WAL016,MER015,,payment,8350.82,NGN,ussd,success
TXN0378,2026-06-19 04:00:33,WAL040,,WAL047,transfer,5851.17,NGN,mobile_app,failed
TXN1298,2026-06-29 01:16:42,WAL002,MER028,,payment,28376.09,NGN,ussd,success
TXN1661,2026-06-25 00:46:53,WAL033,,,withdrawal,280003.77,NGN,mobile_app,success
TXN1605,2026-06-13 05:59:19,WAL016,,WAL029,transfer,9455.5,NGN,mobile_app,success
TXN1792,2026-06-26 21:37:21,WAL009,,WAL014,transfer,35766.22,NGN,web,success
TXN0829,2026-06-18 11:43:41,WAL034,,,wallet_funding,148.4,USD,web,success
TXN1637,2026-06-09 13:47:26,WAL028,MER016,,payment,34310.14,NGN,web,success
TXN0529,2026-06-10 16:03:40,WAL033,,WAL024,transfer,143802.0,NGN,mobile_app,failed
TXN0757,2026-06-16 03:37:20,WAL043,MER002,,payment,101512.97,NGN,mobile_app,success
TXN1673,2026-06-11 13:54:17,WAL024,MER001,,payment,454303.77,NGN,mobile_app,pending
TXN0497,2026-06-25 05:22:34,WAL014,MER013,,payment,11845.77,NGN,web,pending
TXN0268,2026-06-07 21:03:48,WAL026,MER024,,payment,24404.84,NGN,ussd,success
TXN1938,2026-06-08 18:35:21,WAL902,MER007,,payment,258434.28,NGN,ussd,success
TXN1676,2026-06-24 05:31:43,WAL012,MER014,,payment,183.74,GBP,web,pending
TXN1247,2026-06-16 05:52:02,WAL005,MER006,,payment,166794.1,NGN,ussd,success
TXN1650,2026-06-26 07:18:36,WAL021,MER026,,payment,21157.16,NGN,ussd,success
TXN1793,2026-06-27 04:00:36,WAL017,,,wallet_funding,42986.01,NGN,ussd,success
TXN1601,2026-06-19 20:32:30,WAL012,,,wallet_funding,105.93,USD,pos,success
TXN0394,2026-06-09 00:06:11,WAL029,MER004,,payment,1450356.82,NGN,mobile_app,success
TXN0453,2026-06-23 09:24:46,WAL047,,WAL025,transfer,5361.02,NGN,web,success
TXN0654,2026-06-18 01:32:46,WAL017,,WAL016,transfer,31160.16,NGN,mobile_app,success
TXN1573,2026-06-22 22:49:25,WAL011,MER030,,payment,22.0,USD,mobile_app,success
TXN0632,2026-06-14 16:47:51,WAL002,MER019,,payment,165.88,USD,mobile_app,success
TXN1603,2026-06-19 19:24:51,WAL008,,WAL050,transfer,175.36,GBP,web,pending
TXN0923,2026-06-24 00:45:38,WAL017,,WAL025,transfer,3751.57,USD,ussd,success
TXN1170,2026-06-25 15:46:39,WAL025,MER010,,payment,32606.78,NGN,web,success
TXN0060,2026-06-08 05:35:06,WAL020,,,wallet_funding,15726.78,NGN,web,success
TXN1101,2026-06-30 13:13:56,WAL047,,WAL031,transfer,74.29,USD,mobile_app,success
TXN1785,2026-06-22 19:40:01,WAL017,,WAL024,transfer,375828.13,NGN,mobile_app,success
TXN0908,2026-06-02 00:27:34,WAL049,MER013,,payment,202273.14,NGN,mobile_app,success
TXN1549,2026-06-08 02:51:19,WAL032,MER020,,payment,262766.42,NGN,ussd,success
TXN1004,2026-06-22 01:26:18,WAL011,,WAL014,transfer,12422.34,NGN,ussd,success
TXN0746,2026-06-29 19:39:08,WAL020,,,wallet_funding,21025.02,USD,web,failed
TXN0868,2026-06-09 19:24:49,WAL002,,WAL010,transfer,7551.8,NGN,pos,success
TXN0645,2026-06-08 08:05:08,WAL048,MER030,,payment,353.38,USD,ussd,success
TXN0637,2026-06-12 11:50:01,WAL036,MER013,,payment,19.7,GBP,mobile_app,success
TXN1619,2026-06-30 05:33:28,WAL019,,,wallet_funding,23594.48,NGN,web,pending
TXN1680,2026-06-09 12:59:22,WAL021,,WAL005,transfer,1251.25,EUR,web,success
TXN0030,2026-06-04 21:52:47,WAL010,MER016,,payment,11090.67,NGN,mobile_app,success
TXN0332,2026-06-30 22:49:49,WAL018,,WAL031,transfer,265564.44,NGN,mobile_app,success
TXN1877,2026-06-19 06:12:28,WAL039,MER003,,payment,11583.46,NGN,mobile_app,success
TXN1950,2026-06-02 10:05:52,WAL914,MER011,,payment,8181.99,NGN,ussd,success
TXN1963,2026-06-26 13:59:58,WAL035,MER900,,payment,146407.52,NGN,pos,success
TXN0670,2026-06-03 05:21:46,WAL018,,WAL034,transfer,2972.92,NGN,mobile_app,success
TXN0103,2026-06-18 13:48:21,WAL036,,WAL049,transfer,30947.79,NGN,web,pending
TXN0841,2026-06-17 10:09:08,WAL024,MER005,,payment,202.7,USD,mobile_app,failed
TXN1019,2026-06-04 18:19:21,WAL020,MER011,,payment,3764.99,NGN,ussd,success
TXN0884,2026-06-14 11:07:59,WAL042,,WAL013,transfer,37071.33,NGN,web,success
TXN0891,2026-06-21 23:15:25,WAL002,,WAL026,transfer,12895.27,NGN,mobile_app,success
TXN1869,2026-06-20 04:53:38,WAL021,,WAL016,transfer,117.4,EUR,pos,success
TXN1141,2026-06-28 12:56:42,WAL046,,WAL039,transfer,4971828.11,NGN,ussd,success
TXN1855,2026-06-13 23:07:56,WAL029,,WAL003,transfer,189834.91,NGN,ussd,success
TXN1609,2026-06-19 02:22:04,WAL005,MER016,,payment,2232.14,NGN,mobile_app,success
TXN0562,2026-06-22 11:12:43,WAL045,MER030,,payment,139859.15,NGN,mobile_app,success
TXN1398,2026-06-10 19:57:52,WAL027,,WAL040,transfer,16811.0,NGN,mobile_app,success
TXN0769,2026-06-23 12:47:06,WAL035,,WAL019,transfer,2331.68,NGN,mobile_app,success
TXN2003,2026-06-01 01:26:24,WAL016,MER024,,payment,318291.64,GHS,web,success
TXN0601,2026-06-24 21:48:33,WAL013,,,wallet_funding,10080.99,NGN,mobile_app,success
TXN0097,2026-06-22 12:34:43,WAL032,,,withdrawal,208.85,GBP,ussd,failed
TXN0367,2026-06-24 01:40:09,WAL020,,,wallet_funding,186375.43,NGN,mobile_app,success
TXN0513,2026-06-22 20:37:27,WAL030,MER025,,payment,78.04,GBP,mobile_app,success
TXN1189,2026-06-21 23:22:32,WAL043,,,withdrawal,46680.27,NGN,mobile_app,success
TXN1087,2026-06-08 16:17:06,WAL002,MER026,,payment,1117.65,NGN,web,success
TXN0612,2026-06-05 18:28:16,WAL037,,WAL001,transfer,256716.33,NGN,web,success
TXN0279,2026-06-22 13:07:29,WAL035,MER010,,payment,149239.06,NGN,mobile_app,success
TXN1653,2026-06-29 14:53:18,WAL050,,WAL035,transfer,39397.9,NGN,mobile_app,success
TXN2064,2026-06-23 16:24:26,WAL004,MER018,,payment,,NGN,mobile_app,success
TXN1173,2026-06-20 15:20:45,WAL029,MER007,,payment,361258.01,NGN,ussd,success
TXN1334,2026-06-29 02:13:47,WAL027,MER029,,payment,31735.81,NGN,web,success
TXN1344,2026-06-03 14:40:53,WAL006,MER005,,payment,2564.75,USD,mobile_app,success
TXN1217,2026-06-09 23:53:42,WAL049,,WAL034,transfer,153.89,GBP,web,success
TXN0051,2026-06-14 10:08:43,WAL043,,,withdrawal,5476.04,NGN,mobile_app,success
TXN1779,2026-06-20 20:40:49,WAL009,,,withdrawal,451896.34,NGN,mobile_app,failed
TXN0016,2026-06-27 00:44:11,WAL025,,,withdrawal,1303555.99,NGN,pos,success
TXN0995,2026-06-11 15:02:30,WAL035,,WAL003,transfer,37479.47,NGN,web,pending
TXN0777,2026-06-03 15:41:52,WAL050,,,withdrawal,19542.17,NGN,ussd,success
TXN0115,2026-06-05 10:54:19,WAL037,MER020,,payment,18817.63,NGN,web,success
TXN1228,2026-06-27 19:42:16,WAL034,MER016,,payment,2434.3,USD,mobile_app,success
TXN0763,2026-06-15 15:40:38,WAL036,,,wallet_funding,10403.81,NGN,mobile_app,success
TXN0672,2026-06-04 01:31:42,WAL014,MER020,,payment,35528.22,USD,mobile_app,failed
TXN0533,2026-06-13 01:46:56,WAL012,MER013,,payment,48497.76,NGN,web,success
TXN1187,2026-06-29 18:58:42,WAL009,MER013,,payment,33182.54,NGN,mobile_app,success
TXN1055,2026-06-22 18:31:10,WAL046,,WAL002,transfer,131.51,GBP,pos,success
TXN2060,2026-06-28 14:18:24,WAL009,MER021,,payment,,NGN,mobile_app,success
TXN0258,2026-06-29 20:31:04,WAL010,MER011,,payment,265554.91,NGN,mobile_app,success
TXN1327,2026-06-18 18:43:11,WAL037,MER026,,payment,33552.26,NGN,mobile_app,success
TXN2050,2026/06/30 00:38:34,WAL035,MER014,,payment,288135.03,NGN,web,success
TXN0842,2026-06-28 21:24:27,WAL004,,,withdrawal,3553.05,EUR,pos,success
TXN1802,2026-06-04 17:14:59,WAL011,MER018,,payment,396.27,USD,mobile_app,success
TXN0644,2026-06-04 17:33:03,WAL020,MER020,,payment,13219.31,NGN,web,success
TXN0863,2026-06-05 03:12:33,WAL014,,,withdrawal,480781.81,NGN,ussd,success
TXN0425,2026-06-11 04:19:58,WAL045,,WAL013,transfer,109703.15,NGN,web,failed
TXN0809,2026-06-16 01:17:39,WAL049,,WAL028,transfer,18689.11,NGN,mobile_app,success
TXN1654,2026-06-17 14:56:11,WAL039,,WAL036,transfer,13776.48,NGN,mobile_app,success
TXN1138,2026-06-06 09:14:40,WAL033,,,withdrawal,13468.74,NGN,mobile_app,success
TXN1580,2026-06-23 23:41:39,WAL005,MER011,,payment,47256.55,NGN,web,pending
TXN1944,2026-06-16 19:09:30,WAL908,MER005,,payment,25790.94,NGN,ussd,success
TXN1102,2026-06-02 22:37:06,WAL049,MER017,,payment,4212.42,NGN,mobile_app,success
TXN1221,2026-06-08 15:55:25,WAL021,MER002,,payment,469314.14,NGN,ussd,success
TXN1706,2026-06-27 07:43:10,WAL036,MER017,,payment,172.29,USD,mobile_app,success
TXN0466,2026-06-26 01:57:21,WAL019,MER017,,payment,112.34,GBP,web,success
TXN0127,2026-06-16 08:19:42,WAL011,MER003,,payment,39918.32,NGN,ussd,success
TXN1492,2026-06-11 20:56:12,WAL033,MER006,,payment,224.56,USD,ussd,success
TXN1399,2026-06-27 02:29:59,WAL006,,,withdrawal,12774.61,NGN,mobile_app,success
TXN0866,2026-06-22 05:09:43,WAL013,MER006,,payment,84.58,GBP,mobile_app,success
TXN0161,2026-06-02 16:32:37,WAL010,MER023,,payment,197.6,USD,ussd,success
TXN0972,2026-06-15 16:06:40,WAL036,,,withdrawal,15744.95,NGN,mobile_app,pending
TXN0145,2026-06-11 21:36:23,WAL002,MER029,,payment,200881.32,NGN,mobile_app,success
TXN0233,2026-06-16 13:05:55,WAL016,MER020,,payment,11453.07,NGN,mobile_app,success
TXN0720,2026-06-28 13:40:13,WAL010,MER020,,payment,250.39,USD,web,success
TXN0092,2026-06-13 20:06:59,WAL039,MER013,,payment,167973.37,NGN,mobile_app,success
TXN1423,2026-06-25 20:49:41,WAL027,MER017,,payment,25458.47,NGN,web,success
TXN0782,2026-06-30 05:30:57,WAL040,,WAL048,transfer,3078.89,NGN,ussd,success
TXN1867,2026-06-16 10:12:45,WAL010,MER023,,payment,2191915.61,NGN,mobile_app,success
TXN0505,2026-06-12 10:43:58,WAL040,MER006,,payment,47977.82,NGN,mobile_app,success
TXN0740,2026-06-20 18:51:45,WAL009,,,wallet_funding,26226.52,NGN,ussd,success
TXN0979,2026-06-29 06:35:53,WAL003,MER017,,payment,30347.75,NGN,pos,success
TXN1600,2026-06-08 23:16:57,WAL029,MER018,,payment,384914.51,NGN,mobile_app,success
TXN1408,2026-06-17 14:57:42,WAL046,,WAL022,transfer,63.27,USD,mobile_app,success
TXN1859,2026-06-04 13:14:27,WAL024,MER016,,payment,31662.09,NGN,mobile_app,success
TXN0120,2026-06-25 06:50:52,WAL040,,,wallet_funding,432.26,USD,mobile_app,success
TXN0370,2026-06-26 00:19:57,WAL012,MER006,,payment,392.45,USD,ussd,success
TXN1392,2026-06-15 07:33:34,WAL011,,WAL002,transfer,14970.48,NGN,mobile_app,success
TXN2073,2026-06-04 10:15:57,WAL039,MER014,,payment,186852.03,NGN,ivr,success
TXN1480,2026-06-17 04:51:44,WAL026,,WAL006,transfer,1524.84,USD,web,success
TXN0277,2026-06-27 22:31:12,WAL012,MER001,,payment,22824.55,NGN,mobile_app,success
TXN1257,2026-06-14 01:37:14,WAL014,,,wallet_funding,12532.13,NGN,web,success
TXN0255,2026-06-19 11:35:05,WAL012,MER017,,payment,3631.72,NGN,mobile_app,success
TXN0227,2026-06-23 11:27:48,WAL004,,WAL048,transfer,62.3,EUR,mobile_app,success
TXN0101,2026-06-08 00:34:25,WAL010,,WAL019,transfer,434.56,USD,mobile_app,success
TXN1352,2026-06-09 17:09:12,WAL012,MER022,,payment,40408.33,NGN,mobile_app,success
TXN1646,2026-06-07 03:54:50,WAL036,MER022,,payment,495.03,USD,mobile_app,success
TXN0643,2026-06-09 04:59:29,WAL042,MER018,,payment,2647.92,EUR,mobile_app,success
TXN0535,2026-06-22 07:08:40,WAL014,MER019,,payment,162814.06,NGN,mobile_app,success
TXN1205,2026-06-14 18:12:38,WAL033,MER016,,payment,2187.14,NGN,web,success
TXN0697,2026-06-18 17:55:16,WAL027,MER008,,payment,35612.19,NGN,mobile_app,failed
TXN0671,2026-06-30 16:07:47,WAL012,,,wallet_funding,101381.74,NGN,ussd,success
TXN0185,2026-06-10 15:55:09,WAL044,,WAL033,transfer,7283.3,NGN,mobile_app,success
TXN1776,2026-06-12 16:58:48,WAL039,MER005,,payment,573942.17,NGN,mobile_app,success
TXN1411,2026-06-21 05:44:03,WAL020,MER025,,payment,4254975.82,NGN,mobile_app,success
TXN1990,2026-06-22 05:53:02,WAL014,MER021,,payment,-1000,NGN,mobile_app,success
TXN1862,2026-06-07 07:29:40,WAL044,MER017,,payment,385638.61,NGN,ussd,success
TXN0781,2026-06-17 03:38:58,WAL031,,,wallet_funding,3643.47,USD,ussd,success
TXN1038,2026-06-22 07:53:15,WAL012,MER010,,payment,442.95,USD,web,success
TXN0639,2026-06-14 13:32:53,WAL033,,WAL049,transfer,12638.95,NGN,ussd,success
TXN0902,2026-06-04 07:41:46,WAL025,MER020,,payment,260331.61,NGN,web,pending
TXN1126,2026-06-01 19:08:17,WAL045,,,withdrawal,330721.94,NGN,ussd,success
TXN1267,2026-06-05 01:37:18,WAL011,,,wallet_funding,32645.54,NGN,mobile_app,success
TXN1956,2026-06-13 22:49:09,WAL038,MER004,,payment,32408.02,NGN,mobile_app,success
TXN0811,2026-06-05 12:17:29,WAL003,,WAL039,transfer,2731.75,EUR,web,failed
TXN1192,2026-06-28 12:12:45,WAL046,MER024,,payment,425233.72,NGN,mobile_app,success
TXN1432,2026-06-12 07:26:24,WAL016,,,wallet_funding,474974.04,NGN,mobile_app,failed
TXN1900,2026-06-06 19:47:03,WAL049,,,wallet_funding,417.87,USD,pos,success
TXN2021,2026-07-15 14:30:00,WAL008,MER005,,payment,162995.55,NGN,ussd,success
TXN1265,2026-06-30 13:15:13,WAL045,MER022,,payment,461.15,USD,pos,pending
TXN1844,2026-06-15 08:20:16,WAL011,,WAL008,transfer,47620.79,NGN,mobile_app,success
TXN1359,2026-06-15 05:38:56,WAL026,MER019,,payment,2262.95,NGN,mobile_app,success
TXN1875,2026-06-24 22:11:02,WAL050,,WAL004,transfer,343.57,USD,pos,success
TXN0865,2026-06-29 03:13:40,WAL032,MER011,,payment,29650.2,NGN,ussd,failed
TXN1119,2026-06-23 06:22:35,WAL011,MER016,,payment,353275.72,NGN,mobile_app,success
TXN1998,2026-06-20 03:57:22,WAL046,MER018,,payment,17189.2,XYZ,web,success
TXN0772,2026-06-07 19:45:52,WAL018,MER018,,payment,28488.57,USD,web,failed
TXN1284,2026-06-06 12:16:45,WAL026,,WAL031,transfer,2677.34,USD,web,success
TXN0808,2026-06-19 20:38:19,WAL029,MER028,,payment,1043.59,USD,ussd,success
TXN0379,2026-06-16 18:48:43,WAL020,MER002,,payment,1845.26,USD,mobile_app,success
TXN1275,2026-06-24 22:41:03,WAL019,MER025,,payment,33601.42,NGN,pos,success
TXN0669,2026-06-27 01:08:21,WAL011,,WAL046,transfer,36905.26,NGN,ussd,success
TXN1720,2026-06-27 19:16:00,WAL043,MER013,,payment,3453.16,USD,mobile_app,success
TXN0464,2026-06-18 12:53:18,WAL028,MER018,,payment,49039.19,NGN,mobile_app,success
TXN1613,2026-06-23 14:34:54,WAL030,MER024,,payment,345474.86,NGN,pos,pending
TXN0215,2026-06-01 03:30:47,WAL016,,WAL005,transfer,3656.12,NGN,pos,failed
TXN1737,2026-06-04 07:54:46,WAL005,,,withdrawal,309.98,GBP,mobile_app,success
TXN1059,2026-06-25 21:27:00,WAL033,,WAL009,transfer,427.71,USD,mobile_app,success
TXN0848,2026-06-19 02:33:06,WAL019,,WAL001,transfer,32722.64,NGN,mobile_app,success
TXN0555,2026-06-17 21:22:05,WAL031,MER001,,payment,912.91,GBP,web,success
TXN0907,2026-06-11 15:05:22,WAL019,,WAL008,transfer,9337.8,NGN,mobile_app,pending
TXN0164,2026-06-11 09:59:33,WAL045,MER024,,payment,45.56,GBP,web,success
TXN0557,2026-06-20 01:44:29,WAL032,,,wallet_funding,21880.82,NGN,web,success
TXN0199,2026-06-05 20:44:20,WAL030,MER006,,payment,111861.03,NGN,pos,failed
TXN0298,2026-06-20 23:40:36,WAL045,,WAL028,transfer,39.13,GBP,web,success
TXN1129,2026-06-20 05:09:01,WAL001,,,withdrawal,141.13,USD,web,success
TXN1656,2026-06-30 10:42:57,WAL011,MER029,,payment,31532.14,NGN,web,success
TXN0946,2026-06-19 04:29:33,WAL018,MER003,,payment,1220.72,NGN,web,success
TXN1892,2026-06-17 15:11:40,WAL027,MER029,,payment,23303.95,NGN,mobile_app,success
TXN1775,2026-06-18 07:48:14,WAL008,MER026,,payment,196122.45,NGN,web,success
TXN0006,2026-06-27 22:09:30,WAL022,,,withdrawal,169010.4,NGN,pos,success
TXN1494,2026-06-04 04:12:40,WAL020,,WAL010,transfer,2969.29,EUR,ussd,success
TXN1109,2026-06-06 02:40:51,WAL021,MER013,,payment,150373.86,NGN,pos,success
TXN1841,2026-06-14 20:56:22,WAL042,MER026,,payment,4963523.45,NGN,ussd,success
TXN0086,2026-06-03 09:08:26,WAL044,,WAL017,transfer,3991.06,USD,mobile_app,success
TXN1292,2026-06-02 04:14:48,WAL017,,WAL030,transfer,37620.81,NGN,web,success
TXN1968,2026-06-03 03:48:22,WAL019,MER905,,payment,270025.95,NGN,pos,success
TXN1543,2026-06-20 12:13:12,WAL042,,,wallet_funding,23694.7,NGN,web,success
TXN1174,2026-06-17 21:01:18,WAL046,MER017,,payment,92410.06,NGN,ussd,success
TXN1103,2026-06-05 17:29:10,WAL001,MER004,,payment,290.99,GBP,web,success
TXN1218,2026-06-25 07:31:58,WAL026,MER030,,payment,2464.51,GBP,mobile_app,success
TXN1948,2026-06-23 04:38:16,WAL912,MER023,,payment,22423.47,NGN,ussd,success
TXN1434,2026-06-19 11:19:13,WAL043,,,wallet_funding,45707.52,NGN,web,success
TXN0260,2026-06-06 12:41:20,WAL042,MER024,,payment,309.37,EUR,mobile_app,success
TXN1057,2026-06-20 07:06:49,WAL035,,WAL028,transfer,7469.83,GBP,web,success
TXN1582,2026-06-28 18:44:55,WAL017,,WAL025,transfer,162095.33,NGN,ussd,pending
TXN0134,2026-06-29 06:56:26,WAL048,MER003,,payment,3643160.13,NGN,mobile_app,success
TXN1531,2026-06-18 23:30:53,WAL003,MER026,,payment,19370.06,NGN,ussd,success
TXN1837,2026-06-11 05:40:05,WAL037,,,wallet_funding,1021229.44,NGN,mobile_app,success
TXN0992,2026-06-06 15:16:24,WAL042,MER019,,payment,18577.18,GBP,mobile_app,success
TXN1517,2026-06-06 15:32:07,WAL021,MER029,,payment,424086.99,NGN,pos,failed
,2026-06-18 15:45:09,WAL024,MER028,,payment,326141.91,NGN,mobile_app,success
TXN0963,2026-06-24 09:34:17,WAL002,,,wallet_funding,45369.62,NGN,mobile_app,success
TXN1523,2026-06-06 03:20:14,WAL010,MER007,,payment,106833.81,NGN,web,success
TXN1731,2026-06-20 03:59:23,WAL019,MER002,,payment,41164.6,NGN,mobile_app,success
TXN0824,2026-06-27 21:48:41,WAL021,MER030,,payment,36368.4,NGN,pos,pending
TXN0853,2026-06-29 13:20:55,WAL040,,WAL035,transfer,25191.95,NGN,mobile_app,success
TXN1162,2026-06-21 01:31:20,WAL046,MER011,,payment,29105.29,NGN,web,failed
TXN1614,2026-06-14 16:03:04,WAL034,MER028,,payment,483435.36,NGN,mobile_app,success
TXN0058,2026-06-22 20:52:29,WAL050,,WAL049,transfer,35494.31,NGN,web,success
TXN0561,2026-06-18 17:34:03,WAL026,MER029,,payment,396356.81,NGN,mobile_app,success
TXN0593,2026-06-22 10:49:19,WAL006,,WAL017,transfer,175151.54,NGN,ussd,pending
TXN1428,2026-06-19 22:19:18,WAL002,MER019,,payment,42850.94,NGN,ussd,success
TXN0396,2026-06-03 07:52:40,WAL048,MER009,,payment,66.74,USD,mobile_app,success
TXN1788,2026-06-13 22:04:32,WAL037,,WAL044,transfer,271.27,GBP,ussd,failed
TXN0065,2026-06-23 19:36:06,WAL026,MER023,,payment,8460.83,NGN,mobile_app,success
TXN1332,2026-06-10 06:37:53,WAL010,MER029,,payment,14308.69,NGN,ussd,success
TXN0652,2026-06-19 23:43:37,WAL033,,,wallet_funding,3149.67,USD,mobile_app,success
TXN0879,2026-06-24 17:41:56,WAL029,,WAL049,transfer,47.99,USD,mobile_app,pending
TXN0200,2026-06-20 18:04:53,WAL047,,,withdrawal,67.84,GBP,pos,success
TXN1263,2026-06-02 15:42:03,WAL031,MER015,,payment,25987.41,NGN,ussd,success
TXN0256,2026-06-04 17:37:11,WAL027,MER010,,payment,29893.42,NGN,mobile_app,success
TXN0537,2026-06-27 22:03:46,WAL012,MER022,,payment,13535.79,NGN,mobile_app,success
TXN0297,2026-06-07 22:26:09,WAL005,,WAL012,transfer,248045.3,NGN,web,success
TXN1015,2026-06-07 12:21:49,WAL044,,WAL019,transfer,36590.67,NGN,mobile_app,success
TXN0619,2026-06-17 03:11:41,WAL014,,WAL010,transfer,48697.25,NGN,web,success
TXN1537,2026-06-20 12:37:58,WAL010,,,wallet_funding,2395133.53,NGN,mobile_app,success
TXN0571,2026-06-14 09:25:17,WAL004,,WAL021,transfer,2500.3,GBP,mobile_app,success
TXN1857,2026-06-04 00:56:24,WAL004,MER021,,payment,88.8,EUR,mobile_app,success
TXN0738,2026-06-09 08:07:50,WAL039,MER024,,payment,4642.23,USD,web,success
TXN0340,2026-06-17 02:29:53,WAL045,MER001,,payment,463451.44,NGN,web,success
TXN1864,2026-06-26 10:28:57,WAL049,,WAL024,transfer,10531.99,NGN,mobile_app,failed
TXN0045,2026-06-05 04:58:10,WAL020,,,wallet_funding,30711.42,NGN,mobile_app,success
TXN1435,2026-06-11 04:14:45,WAL009,,,withdrawal,497.73,USD,mobile_app,success
TXN1571,2026-06-25 06:03:29,WAL050,MER008,,payment,44994.0,NGN,web,success
TXN1597,2026-06-11 15:09:16,WAL017,,,withdrawal,134.59,EUR,mobile_app,success
TXN0681,2026-06-30 22:38:47,WAL033,MER004,,payment,1292.32,USD,web,success
TXN0821,2026-06-27 03:29:38,WAL014,MER025,,payment,216.72,USD,mobile_app,pending
TXN0194,2026-06-10 08:00:14,WAL018,MER024,,payment,4920171.35,NGN,web,success
TXN1047,2026-06-12 05:37:57,WAL017,MER009,,payment,32371.72,NGN,mobile_app,success
TXN1140,2026-06-21 09:13:38,WAL028,,,wallet_funding,8474.63,NGN,mobile_app,pending
TXN0658,2026-06-19 13:59:35,WAL028,MER007,,payment,1690992.57,NGN,mobile_app,success
TXN0522,2026-06-08 22:13:21,WAL047,MER021,,payment,21400.85,NGN,mobile_app,success
TXN1881,2026-06-12 10:03:00,WAL031,,WAL003,transfer,440635.07,NGN,pos,success
TXN0090,2026-06-13 11:23:30,WAL034,,,withdrawal,411904.84,NGN,ussd,success
TXN2000,2026-06-29 22:46:01,WAL021,MER014,,payment,42079.57,NAIRA,web,success
TXN0383,2026-06-28 02:24:22,WAL013,MER023,,payment,376334.26,NGN,ussd,pending
TXN0700,2026-06-25 08:13:54,WAL037,,,wallet_funding,41356.26,NGN,pos,success
TXN1966,2026-06-05 18:49:35,WAL010,MER903,,payment,228709.86,NGN,pos,success
TXN1832,2026-06-02 00:45:46,WAL025,MER004,,payment,386.85,EUR,web,success
,2026-06-29 17:25:15,WAL037,MER017,,payment,30451.05,NGN,mobile_app,success
TXN1474,2026-06-05 18:51:00,WAL042,MER029,,payment,236.25,EUR,web,success
TXN0974,2026-06-15 22:57:46,WAL001,,,withdrawal,44.22,USD,web,success
TXN0437,2026-06-04 12:54:44,WAL024,,WAL030,transfer,316.64,EUR,mobile_app,success
TXN0477,2026-06-26 17:16:51,WAL031,MER026,,payment,2216.18,USD,ussd,success
TXN0222,2026-06-27 04:51:56,WAL016,,,wallet_funding,496.81,USD,mobile_app,pending
TXN0835,2026-06-30 15:22:06,WAL045,,,wallet_funding,552.05,EUR,mobile_app,success
TXN1464,2026-06-08 17:45:52,WAL047,MER005,,payment,17845.16,NGN,mobile_app,failed
TXN0419,2026-06-20 01:45:27,WAL016,MER029,,payment,985.84,USD,mobile_app,failed
TXN1789,2026-06-17 00:32:07,WAL032,MER021,,payment,231.24,EUR,pos,success
TXN1681,2026-06-04 06:30:21,WAL008,MER006,,payment,391.74,USD,ussd,success
TXN0335,2026-06-29 23:41:27,WAL017,MER020,,payment,406.24,USD,ussd,success
TXN1669,2026-06-22 03:02:12,WAL043,,,wallet_funding,123.77,USD,web,success
TXN2007,2026-06-15 21:37:01,WAL010,MER007,,payment,166711.51,AED,web,success
TXN1229,2026-06-06 17:28:16,WAL045,,,withdrawal,22107.98,NGN,mobile_app,success
TXN1548,2026-06-20 21:18:42,WAL012,,WAL009,transfer,176556.29,NGN,web,success
TXN1355,2026-06-22 20:36:09,WAL036,MER015,,payment,26983.7,NGN,mobile_app,success
TXN0733,2026-06-11 04:28:56,WAL010,,,withdrawal,100275.88,NGN,mobile_app,success
TXN2043,2026/06/06 15:42:30,WAL004,MER016,,payment,33493.56,NGN,web,success
TXN1485,2026-06-15 06:25:57,WAL045,,WAL049,transfer,2491412.8,NGN,mobile_app,success
TXN1550,2026-06-18 14:12:29,WAL032,,WAL025,transfer,486633.55,NGN,pos,success
TXN1836,2026-06-27 17:08:09,WAL013,MER005,,payment,24520.87,NGN,web,success
TXN1202,2026-06-13 15:14:17,WAL045,,WAL049,transfer,135.38,GBP,ussd,success
TXN0232,2026-06-26 21:44:50,WAL047,MER017,,payment,25115.23,NGN,mobile_app,failed
TXN1700,2026-06-11 05:23:07,WAL001,,,withdrawal,36498.28,NGN,web,success
TXN0440,2026-06-30 19:00:48,WAL045,MER009,,payment,221618.29,NGN,web,success
TXN0152,2026-06-06 00:46:37,WAL043,,WAL050,transfer,27527.68,NGN,web,success
TXN0615,2026-06-22 09:56:13,WAL048,MER007,,payment,1255.21,NGN,ussd,success
TXN0183,2026-06-10 10:47:23,WAL027,,WAL050,transfer,38338.0,NGN,mobile_app,failed
TXN0130,2026-06-10 03:18:53,WAL024,,WAL006,transfer,2527354.54,NGN,web,pending
TXN1707,2026-06-04 05:16:08,WAL024,,,withdrawal,21892.3,NGN,mobile_app,failed
TXN1277,2026-06-16 06:46:48,WAL003,MER022,,payment,1543.78,EUR,web,success
TXN0046,2026-06-16 18:40:08,WAL013,MER019,,payment,14343.1,NGN,ussd,pending
TXN0871,2026-06-27 21:32:40,WAL043,,WAL006,transfer,39368.1,NGN,mobile_app,success
TXN0140,2026-06-22 19:02:20,WAL017,,WAL043,transfer,261057.55,NGN,web,success
TXN1180,2026-06-29 22:05:29,WAL034,MER023,,payment,59328.25,NGN,pos,pending
TXN1233,2026-06-18 07:53:11,WAL017,MER009,,payment,27794.59,NGN,web,success
TXN0912,2026-06-14 14:18:32,WAL010,,,wallet_funding,1154.05,EUR,mobile_app,success
TXN1080,2026-06-07 04:35:23,WAL013,,,wallet_funding,24323.78,NGN,pos,success
TXN1542,2026-06-02 03:46:12,WAL050,MER022,,payment,49189.81,NGN,web,success
TXN0310,2026-06-21 20:11:57,WAL020,,WAL004,transfer,3323898.12,NGN,ussd,success
TXN0983,2026-06-24 01:38:50,WAL036,MER013,,payment,4808962.18,NGN,web,success
TXN0810,2026-06-24 03:05:32,WAL020,,WAL032,transfer,414947.65,NGN,ussd,success
TXN0530,2026-06-08 16:47:44,WAL046,,WAL027,transfer,69.85,USD,ussd,success
TXN0282,2026-06-13 00:23:42,WAL022,,,wallet_funding,43178.88,NGN,mobile_app,pending
TXN0893,2026-06-29 02:30:27,WAL009,MER005,,payment,16007.33,NGN,web,success
TXN1803,2026-06-22 02:27:01,WAL033,MER011,,payment,13433.62,NGN,mobile_app,success
TXN0085,2026-06-28 21:42:15,WAL021,,,withdrawal,3462034.51,NGN,mobile_app,success
TXN1258,2026-06-23 03:04:12,WAL024,,WAL027,transfer,36773.52,NGN,pos,success
TXN0467,2026-06-30 07:57:24,WAL001,,WAL014,transfer,4315.87,NGN,ussd,success
TXN1028,2026-06-01 12:27:36,WAL031,,WAL040,transfer,204.14,EUR,web,success
TXN1427,2026-06-23 01:00:11,WAL037,,,wallet_funding,45022.97,USD,mobile_app,success
TXN1091,2026-06-12 00:50:27,WAL031,,,withdrawal,19189.23,NGN,pos,success
TXN0820,2026-06-01 18:30:27,WAL050,,,withdrawal,198.1,GBP,ussd,success
TXN2059,2026-06-29 21:21:59,WAL021,MER020,,payment,,NGN,mobile_app,success
TXN1993,2026-06-11 02:48:20,WAL001,MER023,,payment,-5000,NGN,mobile_app,success
TXN0455,2026-06-30 22:05:27,WAL048,MER001,,payment,18542.43,NGN,mobile_app,success
TXN1595,2026-06-20 05:21:43,WAL050,MER009,,payment,2518.79,USD,mobile_app,pending
TXN1617,2026-06-27 17:59:22,WAL039,MER013,,payment,95.24,USD,mobile_app,success
TXN1176,2026-06-24 00:56:59,WAL031,MER021,,payment,4310.36,NGN,web,pending
TXN1030,2026-06-12 20:32:39,WAL048,,,withdrawal,2876.97,USD,ussd,success
TXN0001,2026-06-04 07:10:48,WAL049,,,wallet_funding,3063539.78,NGN,ussd,success
TXN0257,2026-06-01 07:53:04,WAL029,MER030,,payment,198294.44,NGN,mobile_app,success
TXN2001,2026-06-29 17:01:56,WAL014,MER024,,payment,497555.2,DOLLARS,web,success
TXN1112,2026-06-14 12:19:49,WAL033,MER021,,payment,32190.71,NGN,mobile_app,success
TXN0564,2026-06-06 09:38:53,WAL022,MER009,,payment,27131.27,NGN,mobile_app,success
TXN0833,2026-06-17 12:30:23,WAL026,,,wallet_funding,449.2,USD,web,pending
TXN1291,2026-06-02 18:01:49,WAL002,,,wallet_funding,39671.5,NGN,mobile_app,success
TXN1691,2026-06-19 00:54:25,WAL016,MER010,,payment,47412.41,NGN,pos,failed
TXN0498,2026-06-08 13:44:52,WAL008,MER002,,payment,2716992.39,NGN,mobile_app,pending
TXN1557,2026-06-19 05:04:19,WAL025,MER013,,payment,2410314.58,NGN,web,success
TXN1188,2026-06-14 18:01:41,WAL036,,WAL014,transfer,52.14,USD,mobile_app,failed
TXN0729,2026-06-08 21:56:33,WAL008,MER018,,payment,407798.24,NGN,ussd,success
,2026-06-07 09:21:54,WAL034,MER001,,payment,6923.91,NGN,mobile_app,success
TXN0328,2026-06-07 08:17:39,WAL014,,,wallet_funding,32411.91,NGN,ussd,success
TXN0292,2026-06-21 18:25:20,WAL014,,,withdrawal,1115.73,GBP,pos,pending
TXN0791,2026-06-15 02:05:57,WAL019,MER017,,payment,29353.7,NGN,ussd,success
TXN0210,2026-06-23 02:05:18,WAL044,MER026,,payment,3908.32,USD,web,pending
TXN0693,2026-06-29 08:00:47,WAL002,,,withdrawal,35305.18,NGN,mobile_app,pending
TXN1149,2026-06-30 07:34:25,WAL047,,,withdrawal,6175.17,NGN,web,success
TXN0314,2026-06-16 12:45:05,WAL020,,,wallet_funding,33829.62,NGN,mobile_app,success
TXN0024,2026-06-10 16:00:11,WAL011,MER022,,payment,42562.02,NGN,mobile_app,success
TXN0910,2026-06-08 00:16:32,WAL010,,,wallet_funding,19025.64,NGN,ussd,failed
TXN0133,2026-06-28 02:04:27,WAL049,MER003,,payment,483984.55,NGN,ussd,success
TXN0311,2026-06-25 06:05:16,WAL042,MER025,,payment,452420.89,NGN,web,success
TXN0640,2026-06-04 18:58:19,WAL049,,WAL034,transfer,35.86,USD,mobile_app,success
TXN1048,2026-06-18 00:58:23,WAL030,MER010,,payment,10.16,GBP,web,success
TXN0928,2026-06-04 02:13:35,WAL039,MER006,,payment,48115.94,NGN,ussd,success
TXN0545,2026-06-12 05:09:19,WAL039,MER019,,payment,306512.88,NGN,pos,success
TXN0053,2026-06-24 19:54:54,WAL008,,,wallet_funding,22303.21,NGN,mobile_app,success
TXN0880,2026-06-22 14:40:06,WAL049,MER028,,payment,244.51,EUR,mobile_app,pending
TXN1253,2026-06-18 21:06:10,WAL003,MER024,,payment,5758.49,NGN,mobile_app,success
,2026-06-22 11:12:07,WAL020,MER010,,payment,112199.44,NGN,mobile_app,success
TXN0543,2026-06-23 17:19:42,WAL046,MER029,,payment,2371790.0,NGN,mobile_app,success
TXN1476,2026-06-21 23:04:49,WAL048,,,withdrawal,31710.8,NGN,mobile_app,success
TXN0510,2026-06-24 15:58:16,WAL032,,,wallet_funding,31769.75,NGN,mobile_app,success
TXN1120,2026-06-07 02:28:16,WAL046,MER019,,payment,95.26,EUR,pos,success
TXN0786,2026-06-28 16:33:11,WAL017,MER016,,payment,30794.16,NGN,mobile_app,success
TXN0771,2026-06-16 05:43:32,WAL044,MER014,,payment,4535479.7,NGN,web,pending
TXN1249,2026-06-03 00:52:54,WAL040,,WAL026,transfer,166575.38,NGN,mobile_app,success
TXN1711,2026-06-08 08:57:43,WAL004,MER029,,payment,49193.2,NGN,mobile_app,success
TXN0580,2026-06-20 20:02:27,WAL001,,,withdrawal,271.82,EUR,mobile_app,success
TXN2014,2026-06-16 12:10:08,WAL019,MER030,,receive,43990.07,NGN,mobile_app,success
TXN1438,2026-06-05 02:23:35,WAL047,,WAL024,transfer,47589.8,NGN,mobile_app,success
TXN0864,2026-06-25 09:36:59,WAL002,MER024,,payment,17.4,EUR,web,success
TXN1897,2026-06-26 17:11:34,WAL044,,,wallet_funding,49575.75,NGN,ussd,success
TXN1239,2026-06-02 12:28:27,WAL039,,,wallet_funding,3116.37,EUR,mobile_app,pending
TXN1813,2026-06-21 22:01:19,WAL016,MER022,,payment,190.17,EUR,mobile_app,success
TXN0093,2026-06-06 06:13:56,WAL049,MER003,,payment,302633.76,NGN,pos,success
TXN1311,2026-06-29 08:57:18,WAL022,MER020,,payment,30250.49,USD,ussd,success
TXN0600,2026-06-26 12:07:30,WAL042,,,withdrawal,28350.4,NGN,ussd,success
TXN0373,2026-06-24 00:55:42,WAL043,,WAL002,transfer,166397.71,NGN,web,success
TXN0816,2026-06-23 02:06:40,WAL048,MER003,,payment,459.87,USD,web,success
TXN1314,2026-06-23 23:33:32,WAL016,MER006,,payment,9111.13,USD,web,success
TXN1373,2026-06-02 03:16:21,WAL021,,WAL009,transfer,46098.23,NGN,mobile_app,success
TXN1349,2026-06-02 07:20:11,WAL017,,,wallet_funding,18432.88,NGN,ussd,success
TXN1649,2026-06-24 06:30:05,WAL045,,,withdrawal,43657.62,NGN,ussd,success
TXN1760,2026-06-29 01:48:18,WAL021,MER001,,payment,368107.26,NGN,mobile_app,success
TXN1635,2026-06-13 07:00:15,WAL043,MER021,,payment,22860.43,NGN,web,success
TXN1190,2026-06-19 18:00:11,WAL031,MER015,,payment,2784.6,GBP,ussd,success
TXN0943,2026-06-07 00:38:48,WAL039,,WAL013,transfer,55045.77,NGN,mobile_app,success
,2026-06-12 13:27:48,WAL031,MER016,,payment,70607.43,NGN,mobile_app,success
TXN1596,2026-06-12 00:56:08,WAL018,MER002,,payment,32323.68,NGN,web,success
TXN0220,2026-06-10 03:35:44,WAL009,MER003,,payment,46843.78,NGN,pos,success
TXN0726,2026-06-03 08:45:25,WAL021,MER021,,payment,10093.83,NGN,ussd,success
TXN0773,2026-06-13 05:22:39,WAL035,,,wallet_funding,40431.02,NGN,mobile_app,success
TXN1481,2026-06-20 17:06:01,WAL024,,WAL026,transfer,140967.9,NGN,web,success
TXN0683,2026-06-16 19:58:17,WAL017,MER017,,payment,2190.52,USD,mobile_app,success
TXN0460,2026-06-27 04:46:09,WAL034,,WAL010,transfer,44626.16,NGN,ussd,pending
TXN1144,2026-06-14 06:50:40,WAL034,MER015,,payment,343366.39,NGN,ussd,success
TXN1133,2026-06-16 10:38:32,WAL037,MER014,,payment,106849.5,NGN,mobile_app,success
TXN1416,2026-06-23 19:26:24,WAL003,,,wallet_funding,3679199.25,NGN,mobile_app,failed
TXN1656,2026-06-17 06:18:05,WAL037,,WAL010,transfer,33649.39,NGN,mobile_app,success
TXN1831,2026-06-13 09:16:05,WAL003,,WAL028,transfer,160.71,GBP,mobile_app,success
TXN1381,2026-06-23 05:20:21,WAL027,,WAL005,transfer,35783.23,NGN,mobile_app,success
TXN0582,2026-06-03 00:43:52,WAL044,,WAL037,transfer,30769.49,NGN,web,success
TXN0999,2026-06-08 17:28:24,WAL002,,WAL039,transfer,495641.44,NGN,web,success
TXN2053,2026/06/30 06:31:50,WAL040,MER025,,payment,20838.92,NGN,web,success
TXN0509,2026-06-30 09:32:49,WAL014,,WAL037,transfer,48978.97,NGN,mobile_app,success
TXN1316,2026-06-15 16:30:21,WAL036,,,wallet_funding,38809.02,NGN,web,success
TXN1131,2026-06-26 04:38:09,WAL044,MER021,,payment,21785.97,NGN,ussd,success
TXN1843,2026-06-27 19:56:25,WAL047,,WAL037,transfer,355226.0,NGN,pos,success
TXN1013,2026-06-26 05:11:42,WAL021,,WAL027,transfer,34907.52,NGN,ussd,failed
TXN0181,2026-06-29 07:38:42,WAL026,MER001,,payment,42221.06,NGN,web,success
TXN1750,2026-06-20 18:02:20,WAL002,MER021,,payment,5107.27,NGN,mobile_app,success
TXN2057,2026-06-09 21:13:41,WAL016,MER025,,payment,,NGN,mobile_app,success
TXN0461,2026-06-23 13:24:57,WAL036,,WAL046,transfer,33302.59,NGN,web,success
TXN2065,2026-06-23 08:48:11,WAL039,MER030,,payment,,NGN,mobile_app,success
TXN0363,2026-06-14 09:47:50,WAL037,MER015,,payment,1982.63,GBP,ussd,success
TXN1060,2026-06-09 07:21:23,WAL017,MER009,,payment,7832.9,NGN,pos,failed
TXN0483,2026-06-07 16:51:41,WAL048,MER028,,payment,477160.38,NGN,mobile_app,success
TXN0940,2026-06-04 13:16:44,WAL046,,WAL001,transfer,375.52,USD,web,success
TXN1453,2026-06-22 08:28:39,WAL009,,WAL026,transfer,17198.84,NGN,pos,success
TXN0177,2026-06-16 04:11:06,WAL024,,WAL025,transfer,6531.56,GBP,mobile_app,success
TXN1095,2026-06-04 04:06:08,WAL016,,WAL021,transfer,280.33,USD,ussd,success
TXN0205,2026-06-13 11:44:07,WAL013,MER022,,payment,33882.86,NGN,mobile_app,success
TXN1955,2026-06-29 00:57:31,WAL041,MER007,,payment,47014.96,NGN,mobile_app,success
TXN1607,2026-06-13 01:32:41,WAL005,,WAL001,transfer,1972.43,GBP,web,failed
TXN1898,2026-06-19 23:48:12,WAL027,MER011,,payment,112.51,EUR,mobile_app,pending
TXN0617,2026-06-30 18:30:10,WAL025,,WAL006,transfer,45212.97,NGN,mobile_app,success
TXN1735,2026-06-24 07:04:57,WAL002,MER006,,payment,1009.31,EUR,mobile_app,success
TXN0678,2026-06-15 14:55:23,WAL026,MER030,,payment,49336.87,NGN,pos,success
TXN1108,2026-06-03 01:43:14,WAL045,,,withdrawal,364885.68,NGN,ussd,success
TXN2047,2026/06/28 20:57:18,WAL001,MER011,,payment,49875.51,NGN,web,success
TXN0647,2026-06-21 01:07:08,WAL028,MER022,,payment,10937.41,NGN,web,success
TXN0345,2026-06-02 13:43:43,WAL013,,WAL011,transfer,8964.95,GBP,ussd,failed
TXN0375,2026-06-20 21:06:37,WAL036,MER021,,payment,541.03,USD,pos,success
TXN1652,2026-06-26 23:39:32,WAL044,MER024,,payment,2801480.31,NGN,mobile_app,pending
TXN1227,2026-06-02 00:58:59,WAL004,MER001,,payment,307.99,USD,mobile_app,success
TXN0349,2026-06-24 06:38:43,WAL042,,WAL024,transfer,4148.61,NGN,web,success
TXN1558,2026-06-13 16:46:19,WAL040,MER011,,payment,22768.77,NGN,web,success
TXN0774,2026-06-19 22:19:31,WAL018,,,withdrawal,11098.38,NGN,mobile_app,success
TXN0737,2026-06-30 18:08:45,WAL018,,WAL022,transfer,393460.05,NGN,ussd,success
TXN0384,2026-06-17 07:02:24,WAL047,MER009,,payment,188189.07,NGN,web,success
TXN1939,2026-06-02 04:13:28,WAL903,MER019,,payment,23847.21,NGN,ussd,success
TXN1312,2026-06-08 09:35:03,WAL008,,WAL029,transfer,5564.95,NGN,web,success
